-- MySQL dump 10.13  Distrib 8.0.40, for Win64 (x86_64)
--
-- Host: localhost    Database: top-cv
-- ------------------------------------------------------
-- Server version	8.0.40

/*!40101 SET @OLD_CHARACTER_SET_CLIENT=@@CHARACTER_SET_CLIENT */;
/*!40101 SET @OLD_CHARACTER_SET_RESULTS=@@CHARACTER_SET_RESULTS */;
/*!40101 SET @OLD_COLLATION_CONNECTION=@@COLLATION_CONNECTION */;
/*!50503 SET NAMES utf8 */;
/*!40103 SET @OLD_TIME_ZONE=@@TIME_ZONE */;
/*!40103 SET TIME_ZONE='+00:00' */;
/*!40014 SET @OLD_UNIQUE_CHECKS=@@UNIQUE_CHECKS, UNIQUE_CHECKS=0 */;
/*!40014 SET @OLD_FOREIGN_KEY_CHECKS=@@FOREIGN_KEY_CHECKS, FOREIGN_KEY_CHECKS=0 */;
/*!40101 SET @OLD_SQL_MODE=@@SQL_MODE, SQL_MODE='NO_AUTO_VALUE_ON_ZERO' */;
/*!40111 SET @OLD_SQL_NOTES=@@SQL_NOTES, SQL_NOTES=0 */;

--
-- Table structure for table `companies`
--

DROP TABLE IF EXISTS `companies`;
/*!40101 SET @saved_cs_client     = @@character_set_client */;
/*!50503 SET character_set_client = utf8mb4 */;
CREATE TABLE `companies` (
  `id` int NOT NULL AUTO_INCREMENT,
  `name` varchar(45) NOT NULL,
  `address` varchar(55) NOT NULL,
  `location` varchar(45) NOT NULL,
  `description` longtext NOT NULL,
  `deleted` tinyint DEFAULT '0',
  `createdAt` timestamp NULL DEFAULT CURRENT_TIMESTAMP,
  `updatedAt` timestamp NULL DEFAULT CURRENT_TIMESTAMP,
  `thumbnail` text,
  PRIMARY KEY (`id`)
) ENGINE=InnoDB AUTO_INCREMENT=52 DEFAULT CHARSET=utf8mb4 COLLATE=utf8mb4_0900_ai_ci;
/*!40101 SET character_set_client = @saved_cs_client */;

--
-- Dumping data for table `companies`
--

LOCK TABLES `companies` WRITE;
/*!40000 ALTER TABLE `companies` DISABLE KEYS */;
INSERT INTO `companies` VALUES (35,'Samsung Electronics HCMC CE Complex','Quận 3, TP.HCM','TP. Hồ Chí Minh','<div class=\"bg-it-white box-shadow-medium border-radius-large-xl ipx-5 ipt-6 ipb-8 imb-5 ip-xl-6 ipb-xl-8\" style=\"border-radius: 8px; box-shadow: rgba(0, 0, 0, 0.08) 0px 6px 32px; color: rgb(18, 18, 18); font-family: Lexend, sans-serif; background-color: rgb(255, 255, 255) !important; padding: 24px 24px 32px !important; margin-bottom: 20px !important;\"><h2 class=\"border-bottom-dashed ipb-4\" style=\"margin-bottom: 0px; font-weight: 700; line-height: 1.5; font-size: 22px; border-bottom: 1px dashed rgb(222, 222, 222); padding-bottom: 16px !important;\">Giới thiệu công ty</h2><div class=\"paragraph ipt-4 text-break text-contain-hyperlink\" style=\"line-height: 1.8 !important; padding-top: 16px !important;\">World\'s Best from Vietnam<p style=\"margin-bottom: 0px;\"><span style=\"font-weight: bolder;\">Samsung Electronics HCMC CE Complex</span> (<span style=\"font-weight: bolder;\">SEHC</span>) project with a total investment of US $ 2,84 billion is located in Saigon high-tech park with a total area of up to 122ha, which began operation in early 2016. This is one of the key factories of Samsung Group\'s high-end consumer electronics manufacturing. Beside that, in early 2017 the largest Executive Briefing Center (EBC) in Southeast Asia and R&D Center (SHRC) established at the SEHC complex. </p><p style=\"margin-bottom: 0px;\">With a scale of up to 6500 - 7000 people, this is one of the dynamic and attractive working environments for young people. In addition to attractive benefits, the spiritual life of employees is always concerned by the company. Recreational activities are always organized throughout the year such as: SEHC Olympics, SEHC Festival, GWP party each quarter….</p><p style=\"margin-bottom: 0px;\">To learn more about our activities, please visit our SNS Accounts:</p><ul style=\"padding-left: 18px;\"><li><span style=\"font-weight: bolder;\">Facebook: SEHC Tuyen Dung </span>(for recruitment) or <span style=\"font-weight: bolder;\">SEHC Events </span>(for internal activities)</li><li><span style=\"font-weight: bolder;\">LinkedIn: Samsung Electronics HCMC CE Complex</span></li><li><span style=\"font-weight: bolder;\">Tiktok: @sehctuyendung</span></li></ul></div><div class=\"d-flex flex-column flex-xl-row paragraph border-top-dashed imt-4\" style=\"border-top: 1px dashed rgb(222, 222, 222); line-height: 1.8 !important; margin-top: 16px !important;\"><div class=\"d-flex align-items-center cursor-pointer ipt-4 ipe-4\" data-action=\"click->redirect-url#handleRedirectUrl\" data-controller=\"tooltip redirect-url\" data-redirect-url-url-value=\"https://www.linkedin.com/company/samsung-electronics-hcmc-ce-complex/\" data-bs-original-title=\"\" title=\"\" style=\"cursor: pointer; padding-top: 16px !important; padding-right: 16px !important;\"><svg class=\"feather-icon icon-md hyperlink\"></svg><div class=\"hyperlink ips-1\" style=\"color: rgb(14, 46, 237); padding-left: 4px !important;\">Website công ty</div></div><div class=\"d-flex align-items-center cursor-pointer ipt-4\" data-action=\"click->redirect-url#handleRedirectUrl\" data-controller=\"tooltip redirect-url\" data-redirect-url-url-value=\"https://www.facebook.com/recruitment.sehc\" data-bs-original-title=\"\" title=\"\" style=\"cursor: pointer; padding-top: 16px !important;\"><svg class=\"feather-icon icon-md hyperlink\"></svg><div class=\"hyperlink ips-1\" style=\"color: rgb(14, 46, 237); padding-left: 4px !important;\">Fanpage Facebook</div></div></div></div><div class=\"bg-it-white box-shadow-medium border-radius-large-xl ipx-5 ipt-6 ipb-8 imb-5 ip-xl-6 ipb-xl-8\" style=\"border-radius: 8px; box-shadow: rgba(0, 0, 0, 0.08) 0px 6px 32px; color: rgb(18, 18, 18); font-family: Lexend, sans-serif; background-color: rgb(255, 255, 255) !important; padding: 24px 24px 32px !important; margin-bottom: 20px !important;\"><h2 class=\"border-bottom-dashed ipb-4\" style=\"margin-bottom: 0px; font-weight: 700; line-height: 1.5; font-size: 22px; border-bottom: 1px dashed rgb(222, 222, 222); padding-bottom: 16px !important;\">Chuyên môn của chúng tôi</h2><div class=\"paragraph text-break\" style=\"line-height: 1.8 !important;\"><div class=\"d-flex flex-wrap igap-3 ipt-4\" style=\"padding-top: 16px !important; gap: 12px !important;\"><a target=\"_blank\" data-controller=\"utm-tracking\" class=\"itag itag-sm itag-light\" href=\"https://itviec.com/viec-lam-it/embedded?click_source=Skill+tag\" style=\"color: rgb(65, 64, 66); text-decoration: none; display: inline-flex; justify-content: center; align-items: center; line-height: 1.5; user-select: none; border-radius: 20px; border: 1px solid rgb(222, 222, 222); cursor: pointer; padding: 4px 10px; font-size: 12px; gap: 4px; background-color: rgb(255, 255, 255);\">Embedded</a><a target=\"_blank\" data-controller=\"utm-tracking\" class=\"itag itag-sm itag-light\" href=\"https://itviec.com/viec-lam-it/android?click_source=Skill+tag\" style=\"color: rgb(65, 64, 66); text-decoration: none; display: inline-flex; justify-content: center; align-items: center; line-height: 1.5; user-select: none; border-radius: 20px; border: 1px solid rgb(222, 222, 222); cursor: pointer; padding: 4px 10px; font-size: 12px; gap: 4px; background-color: rgb(255, 255, 255);\">Android</a><a target=\"_blank\" data-controller=\"utm-tracking\" class=\"itag itag-sm itag-light\" href=\"https://itviec.com/viec-lam-it/reactjs?click_source=Skill+tag\" style=\"color: rgb(65, 64, 66); text-decoration: none; display: inline-flex; justify-content: center; align-items: center; line-height: 1.5; user-select: none; border-radius: 20px; border: 1px solid rgb(222, 222, 222); cursor: pointer; padding: 4px 10px; font-size: 12px; gap: 4px; background-color: rgb(255, 255, 255);\">ReactJS</a><a target=\"_blank\" data-controller=\"utm-tracking\" class=\"itag itag-sm itag-light\" href=\"https://itviec.com/viec-lam-it/oop?click_source=Skill+tag\" style=\"color: rgb(65, 64, 66); text-decoration: none; display: inline-flex; justify-content: center; align-items: center; line-height: 1.5; user-select: none; border-radius: 20px; border: 1px solid rgb(222, 222, 222); cursor: pointer; padding: 4px 10px; font-size: 12px; gap: 4px; background-color: rgb(255, 255, 255);\">OOP</a><a target=\"_blank\" data-controller=\"utm-tracking\" class=\"itag itag-sm itag-light\" href=\"https://itviec.com/viec-lam-it/c++?click_source=Skill+tag\" style=\"color: rgb(65, 64, 66); text-decoration: none; display: inline-flex; justify-content: center; align-items: center; line-height: 1.5; user-select: none; border-radius: 20px; border: 1px solid rgb(222, 222, 222); cursor: pointer; padding: 4px 10px; font-size: 12px; gap: 4px; background-color: rgb(255, 255, 255);\">C++</a><a target=\"_blank\" data-controller=\"utm-tracking\" class=\"itag itag-sm itag-light\" href=\"https://itviec.com/viec-lam-it/python?click_source=Skill+tag\" style=\"color: rgb(65, 64, 66); text-decoration: none; display: inline-flex; justify-content: center; align-items: center; line-height: 1.5; user-select: none; border-radius: 20px; border: 1px solid rgb(222, 222, 222); cursor: pointer; padding: 4px 10px; font-size: 12px; gap: 4px; background-color: rgb(255, 255, 255);\">Python</a></div><div class=\"ipt-4 text-contain-hyperlink\" style=\"padding-top: 16px !important;\"></div></div></div><div class=\"bg-it-white box-shadow-medium border-radius-large-xl ipx-5 ipt-6 ipb-8 imb-5 ip-xl-6 ipb-xl-8\" style=\"border-radius: 8px; box-shadow: rgba(0, 0, 0, 0.08) 0px 6px 32px; color: rgb(18, 18, 18); font-family: Lexend, sans-serif; background-color: rgb(255, 255, 255) !important; padding: 24px 24px 32px !important; margin-bottom: 20px !important;\"><h2 class=\"border-bottom-dashed ipb-4\" style=\"margin-bottom: 0px; font-weight: 700; line-height: 1.5; font-size: 22px; border-bottom: 1px dashed rgb(222, 222, 222); padding-bottom: 16px !important;\">Tại sao bạn sẽ yêu thích làm việc tại đây?</h2><div class=\"position-relative read-more-container\" data-controller=\"read-more\" data-read-more-target=\"container\" style=\"height: 400px; overflow: hidden;\"><div data-read-more-target=\"content\"><ul class=\"paragraph ipt-4 text-break\" style=\"padding-left: 18px; font-size: 16px; line-height: 1.8 !important; padding-top: 16px !important;\"><li class=\"ipy-1 fw-700\" style=\"font-weight: 700 !important; padding-top: 4px !important; padding-bottom: 4px !important;\">Attractive Salary & Benefit</li><li class=\"ipy-1 fw-700\" style=\"font-weight: 700 !important; padding-top: 4px !important; padding-bottom: 4px !important;\">Yearly Performance Bonus (2 Times/Year)</li><li class=\"ipy-1 fw-700\" style=\"font-weight: 700 !important; padding-top: 4px !important; padding-bottom: 4px !important;\">Premium Health Insurance</li></ul></div></div></div>',0,'2025-01-15 15:13:44','2025-01-15 15:13:44','samsung-logo-samsung-icon-free-free-vector_1375.jpg'),(36,'MB Bank','Cầu Giấy, Hà Nội','Hà Nội','<div class=\"bg-it-white box-shadow-medium border-radius-large-xl ipx-5 ipt-6 ipb-8 imb-5 ip-xl-6 ipb-xl-8\" style=\"border-radius: 8px; box-shadow: rgba(0, 0, 0, 0.08) 0px 6px 32px; color: rgb(18, 18, 18); font-family: Lexend, sans-serif; background-color: rgb(255, 255, 255) !important; padding: 24px 24px 32px !important; margin-bottom: 20px !important;\"><h2 class=\"border-bottom-dashed ipb-4\" style=\"margin-bottom: 0px; font-weight: 700; line-height: 1.5; font-size: 22px; border-bottom: 1px dashed rgb(222, 222, 222); padding-bottom: 16px !important;\">Giới thiệu công ty</h2><div class=\"paragraph ipt-4 text-break text-contain-hyperlink\" style=\"line-height: 1.8 !important; padding-top: 16px !important;\">SkyLab believes in the connectivity and network of things<p style=\"margin-bottom: 0px;\"><span style=\"font-weight: bolder;\">About Us</span></p><p style=\"margin-bottom: 0px;\">SkyLab is a <span style=\"font-weight: bolder;\">cloud service platform company</span> revolutionizing the way data, content, applications and workloads are managed across <span style=\"font-weight: bolder;\">hybrid environments</span> from Data Center, Private Cloud, Public Cloud and On-premise Edge.</p><p style=\"margin-bottom: 0px;\"><br>SkyLab’s innovative cloud service platform <span style=\"font-weight: bolder;\">FusionFlow™</span> provides a unified application runtime environment and networking that empowers our clients and partners to launch innovative products and services.</p><p style=\"margin-bottom: 0px;\"><br>FusionFlow has been deployed by <span style=\"font-weight: bolder;\">major service providers globally</span> to power state-of-the-art services such as <span style=\"font-weight: bolder;\">GPUaaS, BMaaS, AIaaS</span>, enabling cutting-edge applications, services and workloads across hybrid environments.</p><p style=\"margin-bottom: 0px;\"><br>The SkyLab team comprises industry specialists and experts in data center infrastructure, IaaS, PaaS, content delivery networks, software development, wired and wireless communications and engineering domains.</p><p style=\"margin-bottom: 0px;\">You can visit our website and see our company in media at https://www.skylabteam.com/</p></div><div class=\"d-flex flex-column flex-xl-row paragraph border-top-dashed imt-4\" style=\"border-top: 1px dashed rgb(222, 222, 222); line-height: 1.8 !important; margin-top: 16px !important;\"><div class=\"d-flex align-items-center cursor-pointer ipt-4 ipe-4\" data-action=\"click->redirect-url#handleRedirectUrl\" data-controller=\"tooltip redirect-url\" data-redirect-url-url-value=\"https://www.skylabteam.com/\" data-bs-original-title=\"\" title=\"\" style=\"cursor: pointer; padding-top: 16px !important; padding-right: 16px !important;\"><svg class=\"feather-icon icon-md hyperlink\"></svg><div class=\"hyperlink ips-1\" style=\"color: rgb(14, 46, 237); padding-left: 4px !important;\">Website công ty</div></div></div></div><div class=\"bg-it-white box-shadow-medium border-radius-large-xl ipx-5 ipt-6 ipb-8 imb-5 ip-xl-6 ipb-xl-8\" style=\"border-radius: 8px; box-shadow: rgba(0, 0, 0, 0.08) 0px 6px 32px; color: rgb(18, 18, 18); font-family: Lexend, sans-serif; background-color: rgb(255, 255, 255) !important; padding: 24px 24px 32px !important; margin-bottom: 20px !important;\"><h2 class=\"border-bottom-dashed ipb-4\" style=\"margin-bottom: 0px; font-weight: 700; line-height: 1.5; font-size: 22px; border-bottom: 1px dashed rgb(222, 222, 222); padding-bottom: 16px !important;\">Chuyên môn của chúng tôi</h2><div class=\"paragraph text-break\" style=\"line-height: 1.8 !important;\"><div class=\"ipt-4\" style=\"padding-top: 16px !important;\">Skills We Need</div><div class=\"d-flex flex-wrap igap-3 ipt-4\" style=\"padding-top: 16px !important; gap: 12px !important;\"><a target=\"_blank\" data-controller=\"utm-tracking\" class=\"itag itag-sm itag-light\" href=\"https://itviec.com/viec-lam-it/linux?click_source=Skill+tag\" style=\"color: rgb(65, 64, 66); text-decoration: none; display: inline-flex; justify-content: center; align-items: center; line-height: 1.5; user-select: none; border-radius: 20px; border: 1px solid rgb(222, 222, 222); cursor: pointer; padding: 4px 10px; font-size: 12px; gap: 4px; background-color: rgb(255, 255, 255);\">Linux</a><a target=\"_blank\" data-controller=\"utm-tracking\" class=\"itag itag-sm itag-light\" href=\"https://itviec.com/viec-lam-it/c++?click_source=Skill+tag\" style=\"color: rgb(65, 64, 66); text-decoration: none; display: inline-flex; justify-content: center; align-items: center; line-height: 1.5; user-select: none; border-radius: 20px; border: 1px solid rgb(222, 222, 222); cursor: pointer; padding: 4px 10px; font-size: 12px; gap: 4px; background-color: rgb(255, 255, 255);\">C++</a><a target=\"_blank\" data-controller=\"utm-tracking\" class=\"itag itag-sm itag-light\" href=\"https://itviec.com/viec-lam-it/ruby-on-rails?click_source=Skill+tag\" style=\"color: rgb(65, 64, 66); text-decoration: none; display: inline-flex; justify-content: center; align-items: center; line-height: 1.5; user-select: none; border-radius: 20px; border: 1px solid rgb(222, 222, 222); cursor: pointer; padding: 4px 10px; font-size: 12px; gap: 4px; background-color: rgb(255, 255, 255);\">Ruby on Rails</a><a target=\"_blank\" data-controller=\"utm-tracking\" class=\"itag itag-sm itag-light\" href=\"https://itviec.com/viec-lam-it/database?click_source=Skill+tag\" style=\"color: rgb(65, 64, 66); text-decoration: none; display: inline-flex; justify-content: center; align-items: center; line-height: 1.5; user-select: none; border-radius: 20px; border: 1px solid rgb(222, 222, 222); cursor: pointer; padding: 4px 10px; font-size: 12px; gap: 4px; background-color: rgb(255, 255, 255);\">Database</a><a target=\"_blank\" data-controller=\"utm-tracking\" class=\"itag itag-sm itag-light\" href=\"https://itviec.com/viec-lam-it/software-architect?click_source=Skill+tag\" style=\"color: rgb(65, 64, 66); text-decoration: none; display: inline-flex; justify-content: center; align-items: center; line-height: 1.5; user-select: none; border-radius: 20px; border: 1px solid rgb(222, 222, 222); cursor: pointer; padding: 4px 10px; font-size: 12px; gap: 4px; background-color: rgb(255, 255, 255);\">Software Architect</a><a target=\"_blank\" data-controller=\"utm-tracking\" class=\"itag itag-sm itag-light\" href=\"https://itviec.com/viec-lam-it/networking?click_source=Skill+tag\" style=\"color: rgb(65, 64, 66); text-decoration: none; display: inline-flex; justify-content: center; align-items: center; line-height: 1.5; user-select: none; border-radius: 20px; border: 1px solid rgb(222, 222, 222); cursor: pointer; padding: 4px 10px; font-size: 12px; gap: 4px; background-color: rgb(255, 255, 255);\">Networking</a></div><div class=\"ipt-4 text-contain-hyperlink\" style=\"padding-top: 16px !important;\"><p style=\"margin-bottom: 0px;\">Over the years, SkyLab has deployed large scale networks for the following segments.Location Based B2B M2M solution, PV Solar metering Smart offshore and onshore remote sensing, Mission Critical Video Surveillance systems, Government and Private Enterprise full Turn key Communications Infrastructure, Carrier Grade Transmission network solutions.</p></div></div></div><div class=\"bg-it-white box-shadow-medium border-radius-large-xl ipx-5 ipt-6 ipb-8 imb-5 ip-xl-6 ipb-xl-8\" style=\"border-radius: 8px; box-shadow: rgba(0, 0, 0, 0.08) 0px 6px 32px; color: rgb(18, 18, 18); font-family: Lexend, sans-serif; background-color: rgb(255, 255, 255) !important; padding: 24px 24px 32px !important; margin-bottom: 20px !important;\"><h2 class=\"border-bottom-dashed ipb-4\" style=\"margin-bottom: 0px; font-weight: 700; line-height: 1.5; font-size: 22px; border-bottom: 1px dashed rgb(222, 222, 222); padding-bottom: 16px !important;\">Tại sao bạn sẽ yêu thích làm việc tại đây?</h2><div class=\"position-relative\" data-controller=\"read-more\" data-read-more-target=\"container\"><div data-read-more-target=\"content\"><ul class=\"paragraph ipt-4 text-break\" style=\"padding-left: 18px; font-size: 16px; line-height: 1.8 !important; padding-top: 16px !important;\"><li class=\"ipy-1 fw-700\" style=\"font-weight: 700 !important; padding-top: 4px !important; padding-bottom: 4px !important;\">Hi-tech working environment</li><li class=\"ipy-1 fw-700\" style=\"font-weight: 700 !important; padding-top: 4px !important; padding-bottom: 4px !important;\">Young and dynamic colleagues</li><li class=\"ipy-1 fw-700\" style=\"font-weight: 700 !important; padding-top: 4px !important; padding-bottom: 4px !important;\">International experience</li></ul><div class=\"paragraph text-break text-contain-hyperlink\" style=\"line-height: 1.8 !important;\"><ul style=\"padding-left: 18px;\"><li>Competitive package</li><li>Professional working environment</li><li>Opportunities to challenge and develop your career</li><li>Social insurance, health insurance, unemployment insurance as labor law stipulated</li><li>Premium Healthcare</li><li>Opportunity to participate in stock option program.</li><li>Public holiday and Annual leave in accordance with the Vietnamese labour law</li></ul></div></div></div></div>',0,'2025-01-15 15:16:42','2025-01-15 15:16:42','62ce8018d5cacb6b28727421_MB bank logo_9562.jpg'),(37,'HELPDESK ENGINEER (Good English)','Số 268 Trần Hưng Đạo, Phường 11, Quận 5, TP.HCM','TP. Hồ Chí Minh','<div class=\"bg-it-white box-shadow-medium border-radius-large-xl ipx-5 ipt-6 ipb-8 imb-5 ip-xl-6 ipb-xl-8\" style=\"border-radius: 8px; box-shadow: rgba(0, 0, 0, 0.08) 0px 6px 32px; color: rgb(18, 18, 18); font-family: Lexend, sans-serif; background-color: rgb(255, 255, 255) !important; padding: 24px 24px 32px !important; margin-bottom: 20px !important;\"><h2 class=\"border-bottom-dashed ipb-4\" style=\"margin-bottom: 0px; font-weight: 700; line-height: 1.5; font-size: 22px; border-bottom: 1px dashed rgb(222, 222, 222); padding-bottom: 16px !important;\">Giới thiệu công ty</h2><div class=\"paragraph ipt-4 text-break text-contain-hyperlink\" style=\"line-height: 1.8 !important; padding-top: 16px !important;\">GIVE PEOPLE THE POWER TO OWN THEIR WORK- LIFE<p style=\"margin-bottom: 0px;\"><span style=\"font-weight: bolder;\">OFFSHORE OUTSOURCING COMPANY? WE ARE LITTLE DIFFERENT.</span><br>Our Studio was established in August 2022 to became of creative development professionals that the whole world can be proud of. We were founded from the Japanese parent company but operates independently here in Ho Chi Minh City. We co-develop products together with the Japan team but we are not offshore team just to do what we are told to do. Not an outsourcing company with micro management. We suggest, manage, lead and control the project because it’s our product. We are here to demonstrate values to the world.<give people the power to own their work- life><br>We are a team that creates a fulfilling “new way of working” where the hopes of people and the expectations of society fit perfectly, as if “the way of working” and “the way of life” are merged.<br>Our studio is primarily responsible for the development of new services of parent company in Japan, and the maintenance of the database systems that form the core of those services. Our goal is to help each individual in the world to correctly know, choose, and act on their own opportunities and potential.</give></p></div><div class=\"d-flex flex-column flex-xl-row paragraph border-top-dashed imt-4\" style=\"border-top: 1px dashed rgb(222, 222, 222); line-height: 1.8 !important; margin-top: 16px !important;\"><div class=\"d-flex align-items-center cursor-pointer ipt-4 ipe-4\" data-action=\"click->redirect-url#handleRedirectUrl\" data-controller=\"tooltip redirect-url\" data-redirect-url-url-value=\"https://persol-career-techstudio.com.vn/\" data-bs-original-title=\"\" title=\"\" style=\"cursor: pointer; padding-top: 16px !important; padding-right: 16px !important;\"><svg class=\"feather-icon icon-md hyperlink\"></svg><div class=\"hyperlink ips-1\" style=\"color: rgb(14, 46, 237); padding-left: 4px !important;\">Website công ty</div></div><div class=\"d-flex align-items-center cursor-pointer ipt-4\" data-action=\"click->redirect-url#handleRedirectUrl\" data-controller=\"tooltip redirect-url\" data-redirect-url-url-value=\" https://fb.com/persolcareertechstudio\" data-bs-original-title=\"\" title=\"\" style=\"cursor: pointer; padding-top: 16px !important;\"><svg class=\"feather-icon icon-md hyperlink\"></svg><div class=\"hyperlink ips-1\" style=\"color: rgb(14, 46, 237); padding-left: 4px !important;\">Fanpage Facebook</div></div></div></div><div class=\"bg-it-white box-shadow-medium border-radius-large-xl ipx-5 ipt-6 ipb-8 imb-5 ip-xl-6 ipb-xl-8\" style=\"border-radius: 8px; box-shadow: rgba(0, 0, 0, 0.08) 0px 6px 32px; color: rgb(18, 18, 18); font-family: Lexend, sans-serif; background-color: rgb(255, 255, 255) !important; padding: 24px 24px 32px !important; margin-bottom: 20px !important;\"><h2 class=\"border-bottom-dashed ipb-4\" style=\"margin-bottom: 0px; font-weight: 700; line-height: 1.5; font-size: 22px; border-bottom: 1px dashed rgb(222, 222, 222); padding-bottom: 16px !important;\">Chuyên môn của chúng tôi</h2><div class=\"paragraph text-break\" style=\"line-height: 1.8 !important;\"><div class=\"ipt-4\" style=\"padding-top: 16px !important;\">Skills We Use</div><div class=\"d-flex flex-wrap igap-3 ipt-4\" style=\"padding-top: 16px !important; gap: 12px !important;\"><a target=\"_blank\" data-controller=\"utm-tracking\" class=\"itag itag-sm itag-light\" href=\"https://itviec.com/viec-lam-it/.net?click_source=Skill+tag\" style=\"color: rgb(65, 64, 66); text-decoration: none; display: inline-flex; justify-content: center; align-items: center; line-height: 1.5; user-select: none; border-radius: 20px; border: 1px solid rgb(222, 222, 222); cursor: pointer; padding: 4px 10px; font-size: 12px; gap: 4px; background-color: rgb(255, 255, 255);\">.NET</a><a target=\"_blank\" data-controller=\"utm-tracking\" class=\"itag itag-sm itag-light\" href=\"https://itviec.com/viec-lam-it/typescript?click_source=Skill+tag\" style=\"color: rgb(65, 64, 66); text-decoration: none; display: inline-flex; justify-content: center; align-items: center; line-height: 1.5; user-select: none; border-radius: 20px; border: 1px solid rgb(222, 222, 222); cursor: pointer; padding: 4px 10px; font-size: 12px; gap: 4px; background-color: rgb(255, 255, 255);\">TypeScript</a><a target=\"_blank\" data-controller=\"utm-tracking\" class=\"itag itag-sm itag-light\" href=\"https://itviec.com/viec-lam-it/spring?click_source=Skill+tag\" style=\"color: rgb(65, 64, 66); text-decoration: none; display: inline-flex; justify-content: center; align-items: center; line-height: 1.5; user-select: none; border-radius: 20px; border: 1px solid rgb(222, 222, 222); cursor: pointer; padding: 4px 10px; font-size: 12px; gap: 4px; background-color: rgb(255, 255, 255);\">Spring</a><a target=\"_blank\" data-controller=\"utm-tracking\" class=\"itag itag-sm itag-light\" href=\"https://itviec.com/viec-lam-it/aws?click_source=Skill+tag\" style=\"color: rgb(65, 64, 66); text-decoration: none; display: inline-flex; justify-content: center; align-items: center; line-height: 1.5; user-select: none; border-radius: 20px; border: 1px solid rgb(222, 222, 222); cursor: pointer; padding: 4px 10px; font-size: 12px; gap: 4px; background-color: rgb(255, 255, 255);\">AWS</a><a target=\"_blank\" data-controller=\"utm-tracking\" class=\"itag itag-sm itag-light\" href=\"https://itviec.com/viec-lam-it/azure?click_source=Skill+tag\" style=\"color: rgb(65, 64, 66); text-decoration: none; display: inline-flex; justify-content: center; align-items: center; line-height: 1.5; user-select: none; border-radius: 20px; border: 1px solid rgb(222, 222, 222); cursor: pointer; padding: 4px 10px; font-size: 12px; gap: 4px; background-color: rgb(255, 255, 255);\">Azure</a><a target=\"_blank\" data-controller=\"utm-tracking\" class=\"itag itag-sm itag-light\" href=\"https://itviec.com/viec-lam-it/agile?click_source=Skill+tag\" style=\"color: rgb(65, 64, 66); text-decoration: none; display: inline-flex; justify-content: center; align-items: center; line-height: 1.5; user-select: none; border-radius: 20px; border: 1px solid rgb(222, 222, 222); cursor: pointer; padding: 4px 10px; font-size: 12px; gap: 4px; background-color: rgb(255, 255, 255);\">Agile</a></div><div class=\"ipt-4 text-contain-hyperlink\" style=\"padding-top: 16px !important;\"><ul style=\"padding-left: 18px;\"><li>Backend Stack: Node.js, Java, C#</li><li>Frontend Stack: ReactJS, Vue.js, Angular</li><li>Database: MySQL, Oracle</li><li>Infra Structure: AWS, GCP, Azure</li><li>Communication: Slack, Teams</li></ul></div></div></div><div class=\"bg-it-white box-shadow-medium border-radius-large-xl ipx-5 ipt-6 ipb-8 imb-5 ip-xl-6 ipb-xl-8\" style=\"border-radius: 8px; box-shadow: rgba(0, 0, 0, 0.08) 0px 6px 32px; color: rgb(18, 18, 18); font-family: Lexend, sans-serif; background-color: rgb(255, 255, 255) !important; padding: 24px 24px 32px !important; margin-bottom: 20px !important;\"><h2 class=\"border-bottom-dashed ipb-4\" style=\"margin-bottom: 0px; font-weight: 700; line-height: 1.5; font-size: 22px; border-bottom: 1px dashed rgb(222, 222, 222); padding-bottom: 16px !important;\">Tại sao bạn sẽ yêu thích làm việc tại đây?</h2><div class=\"position-relative read-more-container\" data-controller=\"read-more\" data-read-more-target=\"container\" style=\"height: 400px; overflow: hidden;\"><div data-read-more-target=\"content\"><ul class=\"paragraph ipt-4 text-break\" style=\"padding-left: 18px; font-size: 16px; line-height: 1.8 !important; padding-top: 16px !important;\"><li class=\"ipy-1 fw-700\" style=\"font-weight: 700 !important; padding-top: 4px !important; padding-bottom: 4px !important;\">Flexible working time (Hybrid)</li><li class=\"ipy-1 fw-700\" style=\"font-weight: 700 !important; padding-top: 4px !important; padding-bottom: 4px !important;\">Competitive salary, bonus, expenses and allowances</li><li class=\"ipy-1 fw-700\" style=\"font-weight: 700 !important; padding-top: 4px !important; padding-bottom: 4px !important;\">Chance to upgrade current position</li></ul></div></div></div>',0,'2025-01-15 15:23:50','2025-01-15 15:23:50','OIP (1)_8681.jfif'),(39,'SkyLab','Quận 3, TP.HCM','TP. Hồ Chí Minh','<div class=\"bg-it-white box-shadow-medium border-radius-large-xl ipx-5 ipt-6 ipb-8 imb-5 ip-xl-6 ipb-xl-8\" style=\"border-radius: 8px; box-shadow: rgba(0, 0, 0, 0.08) 0px 6px 32px; color: rgb(18, 18, 18); font-family: Lexend, sans-serif; background-color: rgb(255, 255, 255) !important; padding: 24px 24px 32px !important; margin-bottom: 20px !important;\"><h2 class=\"border-bottom-dashed ipb-4\" style=\"margin-bottom: 0px; font-weight: 700; line-height: 1.5; font-size: 22px; border-bottom: 1px dashed rgb(222, 222, 222); padding-bottom: 16px !important;\">Giới thiệu công ty</h2><div class=\"paragraph ipt-4 text-break text-contain-hyperlink\" style=\"line-height: 1.8 !important; padding-top: 16px !important;\">SkyLab believes in the connectivity and network of things<p style=\"margin-bottom: 0px;\"><span style=\"font-weight: bolder;\">About Us</span></p><p style=\"margin-bottom: 0px;\">SkyLab is a <span style=\"font-weight: bolder;\">cloud service platform company</span> revolutionizing the way data, content, applications and workloads are managed across <span style=\"font-weight: bolder;\">hybrid environments</span> from Data Center, Private Cloud, Public Cloud and On-premise Edge.</p><p style=\"margin-bottom: 0px;\"><br>SkyLab’s innovative cloud service platform <span style=\"font-weight: bolder;\">FusionFlow™</span> provides a unified application runtime environment and networking that empowers our clients and partners to launch innovative products and services.</p><p style=\"margin-bottom: 0px;\"><br>FusionFlow has been deployed by <span style=\"font-weight: bolder;\">major service providers globally</span> to power state-of-the-art services such as <span style=\"font-weight: bolder;\">GPUaaS, BMaaS, AIaaS</span>, enabling cutting-edge applications, services and workloads across hybrid environments.</p><p style=\"margin-bottom: 0px;\"><br>The SkyLab team comprises industry specialists and experts in data center infrastructure, IaaS, PaaS, content delivery networks, software development, wired and wireless communications and engineering domains.</p><p style=\"margin-bottom: 0px;\">You can visit our website and see our company in media at https://www.skylabteam.com/</p></div><div class=\"d-flex flex-column flex-xl-row paragraph border-top-dashed imt-4\" style=\"border-top: 1px dashed rgb(222, 222, 222); line-height: 1.8 !important; margin-top: 16px !important;\"><div class=\"d-flex align-items-center cursor-pointer ipt-4 ipe-4\" data-action=\"click->redirect-url#handleRedirectUrl\" data-controller=\"tooltip redirect-url\" data-redirect-url-url-value=\"https://www.skylabteam.com/\" data-bs-original-title=\"\" title=\"\" style=\"cursor: pointer; padding-top: 16px !important; padding-right: 16px !important;\"><svg class=\"feather-icon icon-md hyperlink\"></svg><div class=\"hyperlink ips-1\" style=\"color: rgb(14, 46, 237); padding-left: 4px !important;\">Website công ty</div></div></div></div><div class=\"bg-it-white box-shadow-medium border-radius-large-xl ipx-5 ipt-6 ipb-8 imb-5 ip-xl-6 ipb-xl-8\" style=\"border-radius: 8px; box-shadow: rgba(0, 0, 0, 0.08) 0px 6px 32px; color: rgb(18, 18, 18); font-family: Lexend, sans-serif; background-color: rgb(255, 255, 255) !important; padding: 24px 24px 32px !important; margin-bottom: 20px !important;\"><h2 class=\"border-bottom-dashed ipb-4\" style=\"margin-bottom: 0px; font-weight: 700; line-height: 1.5; font-size: 22px; border-bottom: 1px dashed rgb(222, 222, 222); padding-bottom: 16px !important;\">Chuyên môn của chúng tôi</h2><div class=\"paragraph text-break\" style=\"line-height: 1.8 !important;\"><div class=\"ipt-4\" style=\"padding-top: 16px !important;\">Skills We Need</div><div class=\"d-flex flex-wrap igap-3 ipt-4\" style=\"padding-top: 16px !important; gap: 12px !important;\"><a target=\"_blank\" data-controller=\"utm-tracking\" class=\"itag itag-sm itag-light\" href=\"https://itviec.com/viec-lam-it/linux?click_source=Skill+tag\" style=\"color: rgb(65, 64, 66); text-decoration: none; display: inline-flex; justify-content: center; align-items: center; line-height: 1.5; user-select: none; border-radius: 20px; border: 1px solid rgb(222, 222, 222); cursor: pointer; padding: 4px 10px; font-size: 12px; gap: 4px; background-color: rgb(255, 255, 255);\">Linux</a><a target=\"_blank\" data-controller=\"utm-tracking\" class=\"itag itag-sm itag-light\" href=\"https://itviec.com/viec-lam-it/c++?click_source=Skill+tag\" style=\"color: rgb(65, 64, 66); text-decoration: none; display: inline-flex; justify-content: center; align-items: center; line-height: 1.5; user-select: none; border-radius: 20px; border: 1px solid rgb(222, 222, 222); cursor: pointer; padding: 4px 10px; font-size: 12px; gap: 4px; background-color: rgb(255, 255, 255);\">C++</a><a target=\"_blank\" data-controller=\"utm-tracking\" class=\"itag itag-sm itag-light\" href=\"https://itviec.com/viec-lam-it/ruby-on-rails?click_source=Skill+tag\" style=\"color: rgb(65, 64, 66); text-decoration: none; display: inline-flex; justify-content: center; align-items: center; line-height: 1.5; user-select: none; border-radius: 20px; border: 1px solid rgb(222, 222, 222); cursor: pointer; padding: 4px 10px; font-size: 12px; gap: 4px; background-color: rgb(255, 255, 255);\">Ruby on Rails</a><a target=\"_blank\" data-controller=\"utm-tracking\" class=\"itag itag-sm itag-light\" href=\"https://itviec.com/viec-lam-it/database?click_source=Skill+tag\" style=\"color: rgb(65, 64, 66); text-decoration: none; display: inline-flex; justify-content: center; align-items: center; line-height: 1.5; user-select: none; border-radius: 20px; border: 1px solid rgb(222, 222, 222); cursor: pointer; padding: 4px 10px; font-size: 12px; gap: 4px; background-color: rgb(255, 255, 255);\">Database</a><a target=\"_blank\" data-controller=\"utm-tracking\" class=\"itag itag-sm itag-light\" href=\"https://itviec.com/viec-lam-it/software-architect?click_source=Skill+tag\" style=\"color: rgb(65, 64, 66); text-decoration: none; display: inline-flex; justify-content: center; align-items: center; line-height: 1.5; user-select: none; border-radius: 20px; border: 1px solid rgb(222, 222, 222); cursor: pointer; padding: 4px 10px; font-size: 12px; gap: 4px; background-color: rgb(255, 255, 255);\">Software Architect</a><a target=\"_blank\" data-controller=\"utm-tracking\" class=\"itag itag-sm itag-light\" href=\"https://itviec.com/viec-lam-it/networking?click_source=Skill+tag\" style=\"color: rgb(65, 64, 66); text-decoration: none; display: inline-flex; justify-content: center; align-items: center; line-height: 1.5; user-select: none; border-radius: 20px; border: 1px solid rgb(222, 222, 222); cursor: pointer; padding: 4px 10px; font-size: 12px; gap: 4px; background-color: rgb(255, 255, 255);\">Networking</a></div><div class=\"ipt-4 text-contain-hyperlink\" style=\"padding-top: 16px !important;\"><p style=\"margin-bottom: 0px;\">Over the years, SkyLab has deployed large scale networks for the following segments.Location Based B2B M2M solution, PV Solar metering Smart offshore and onshore remote sensing, Mission Critical Video Surveillance systems, Government and Private Enterprise full Turn key Communications Infrastructure, Carrier Grade Transmission network solutions.</p></div></div></div><div class=\"bg-it-white box-shadow-medium border-radius-large-xl ipx-5 ipt-6 ipb-8 imb-5 ip-xl-6 ipb-xl-8\" style=\"border-radius: 8px; box-shadow: rgba(0, 0, 0, 0.08) 0px 6px 32px; color: rgb(18, 18, 18); font-family: Lexend, sans-serif; background-color: rgb(255, 255, 255) !important; padding: 24px 24px 32px !important; margin-bottom: 20px !important;\"><h2 class=\"border-bottom-dashed ipb-4\" style=\"margin-bottom: 0px; font-weight: 700; line-height: 1.5; font-size: 22px; border-bottom: 1px dashed rgb(222, 222, 222); padding-bottom: 16px !important;\">Tại sao bạn sẽ yêu thích làm việc tại đây?</h2><div class=\"position-relative\" data-controller=\"read-more\" data-read-more-target=\"container\"><div data-read-more-target=\"content\"><ul class=\"paragraph ipt-4 text-break\" style=\"padding-left: 18px; font-size: 16px; line-height: 1.8 !important; padding-top: 16px !important;\"><li class=\"ipy-1 fw-700\" style=\"font-weight: 700 !important; padding-top: 4px !important; padding-bottom: 4px !important;\">Hi-tech working environment</li><li class=\"ipy-1 fw-700\" style=\"font-weight: 700 !important; padding-top: 4px !important; padding-bottom: 4px !important;\">Young and dynamic colleagues</li><li class=\"ipy-1 fw-700\" style=\"font-weight: 700 !important; padding-top: 4px !important; padding-bottom: 4px !important;\">International experience</li></ul><div class=\"paragraph text-break text-contain-hyperlink\" style=\"line-height: 1.8 !important;\"><ul style=\"padding-left: 18px;\"><li>Competitive package</li><li>Professional working environment</li><li>Opportunities to challenge and develop your career</li><li>Social insurance, health insurance, unemployment insurance as labor law stipulated</li><li>Premium Healthcare</li><li>Opportunity to participate in stock option program.</li><li>Public holiday and Annual leave in accordance with the Vietnamese labour law</li></ul></div></div></div></div>',0,'2025-01-15 15:51:44','2025-01-15 15:51:44','OIP (2)_8765.jfif'),(40,'Tech Solutions Inc.','123 Nguyễn Huệ, Quận 1, TP.HCM','TP. Hồ Chí Minh','<p>Tech Solutions Inc. là công ty công nghệ hàng đầu chuyên cung cấp các giải pháp phần mềm. Chúng tôi tập trung vào phát triển:\r\n\r\n- Ứng dụng web/mobile\r\n- Giải pháp Cloud\r\n- AI & Machine Learning\r\n- IoT Platform\r\n\r\nVới đội ngũ kỹ sư giàu kinh nghiệm, chúng tôi cam kết mang đến những sản phẩm chất lượng cao.</p>',0,'2025-01-15 15:54:31','2025-01-15 15:54:31','OIP (3)_3369.jfif'),(41,'Digital Innovation Co.','456 Lê Lợi, Quận 3, TP.HCM','TP. Hồ Chí Minh','Digital Innovation Co. là đơn vị tiên phong trong lĩnh vực chuyển đổi số. Dịch vụ của chúng tôi bao gồm:\r\n\r\n- Tư vấn chuyển đổi số\r\n- Phát triển phần mềm tùy chỉnh  \r\n- Giải pháp bảo mật\r\n- Dịch vụ Cloud\r\n\r\nChúng tôi tự hào là đối tác tin cậy của nhiều doanh nghiệp lớn.',0,'2025-01-15 15:54:31','2025-01-15 15:54:31','OIP (4)_7435.jfif'),(42,'Smart Systems Ltd.','789 Điện Biên Phủ, Đà Nẵng','Đà Nẵng','Smart Systems Ltd. chuyên về hệ thống thông minh và IoT. Sản phẩm chính:\r\n\r\n- Smart Home Solutions\r\n- Industrial IoT\r\n- Automated Systems\r\n- Smart City Platform\r\n\r\nVới hơn 10 năm kinh nghiệm, chúng tôi cam kết mang đến những giải pháp thông minh và hiệu quả.',0,'2025-01-15 15:54:31','2025-01-15 15:54:31','pngtree-initial-letter-it-logo-template-png-image_3584075_6592.jpg'),(43,'Cloud Nine Technologies','321 Trần Phú, Hà Nội','Hà Nội','Cloud Nine Technologies là chuyên gia về điện toán đám mây. Dịch vụ bao gồm:\r\n\r\n- Cloud Migration\r\n- Cloud Security\r\n- DevOps Services\r\n- Managed Cloud\r\n\r\nĐội ngũ chuyên gia giàu kinh nghiệm sẵn sàng hỗ trợ 24/7.',0,'2025-01-15 15:54:31','2025-01-15 15:54:31','R_6069.png'),(44,'Data Analytics Corp','654 Hai Bà Trưng, TP.HCM','TP. Hồ Chí Minh','Data Analytics Corp chuyên về phân tích dữ liệu và AI. Chúng tôi cung cấp:\n\n- Big Data Analytics\n- Machine Learning Solutions\n- Business Intelligence\n- Data Visualization\n\nGiúp doanh nghiệp khai thác tối đa giá trị từ dữ liệu.',1,'2025-01-15 15:54:31','2025-01-15 15:54:31','/images/data-analytics.png'),(45,'Secure Networks Vietnam','987 Láng Hạ, Hà Nội','Hà Nội','Secure Networks Vietnam là đơn vị hàng đầu về bảo mật mạng. Dịch vụ:\n\n- Network Security\n- Penetration Testing\n- Security Consulting\n- 24/7 SOC Services\n\nBảo vệ hệ thống của bạn trước các mối đe dọa an ninh mạng.',1,'2025-01-15 15:54:31','2025-01-15 15:54:31','/images/secure-networks.png'),(46,'Mobile Apps Vietnam','147 Phan Chu Trinh, Đà Nẵng','Đà Nẵng','Mobile Apps Vietnam chuyên phát triển ứng dụng di động. Sản phẩm:\n\n- iOS Development\n- Android Development\n- Cross-platform Apps\n- Mobile Game Development\n\nTạo ra những ứng dụng di động chất lượng cao.',1,'2025-01-15 15:54:31','2025-01-15 15:54:31','/images/mobile-apps.png'),(47,'Web Solutions Pro','258 Lê Duẩn, TP.HCM','TP. Hồ Chí Minh','Web Solutions Pro cung cấp giải pháp web toàn diện. Dịch vụ:\n\n- Web Development\n- E-commerce Solutions\n- CMS Development\n- Web Hosting\n\nXây dựng website chuyên nghiệp cho doanh nghiệp.',1,'2025-01-15 15:54:31','2025-01-15 15:54:31','/images/web-solutions.png'),(48,'AI Innovations Group','369 Trần Duy Hưng, Hà Nội','Hà Nội','AI Innovations Group là đơn vị tiên phong về AI. Sản phẩm:\n\n- Computer Vision\n- Natural Language Processing\n- Robotics\n- AI Consulting\n\nỨng dụng AI vào giải quyết các bài toán thực tế.',1,'2025-01-15 15:54:31','2025-01-15 15:54:31','/images/ai-innovations.png'),(49,'Digital Marketing Solutions','741 Nguyễn Văn Linh, TP.HCM','TP. Hồ Chí Minh','Digital Marketing Solutions cung cấp dịch vụ marketing số. Dịch vụ:\n\n- SEO/SEM\n- Social Media Marketing\n- Content Marketing\n- Digital Analytics\n\nGiúp doanh nghiệp tăng trưởng trong thời đại số.',1,'2025-01-15 15:54:31','2025-01-15 15:54:31','/images/digital-marketing.png'),(50,'Vũ Tuấn Hùng','77/2 KP2 Phường Tân Thới Hiệp Quận 12','TP. Hồ Chí Minh','<p>abc</p>',1,'2025-02-19 16:24:36','2025-02-19 16:24:36','z6306724742708_fe54e260e956beb1d94ca9900c131820_6410.jpg'),(51,'Vũ Tuấn Hùng','77/2 KP2 Phường Tân Thới Hiệp Quận 12','Cần Thơ','<p>abv</p>',0,'2025-02-20 00:56:31','2025-02-20 00:56:31','z6306724742708_fe54e260e956beb1d94ca9900c131820_5183.jpg');
/*!40000 ALTER TABLE `companies` ENABLE KEYS */;
UNLOCK TABLES;

--
-- Table structure for table `job_skills`
--

DROP TABLE IF EXISTS `job_skills`;
/*!40101 SET @saved_cs_client     = @@character_set_client */;
/*!50503 SET character_set_client = utf8mb4 */;
CREATE TABLE `job_skills` (
  `id` int NOT NULL AUTO_INCREMENT,
  `job_id` int NOT NULL,
  `skill_id` int NOT NULL,
  PRIMARY KEY (`id`),
  KEY `fk_job_skills_jobs_idx` (`job_id`),
  KEY `fk_job_skills_skills_idx` (`skill_id`),
  CONSTRAINT `fk_job_skills_jobs` FOREIGN KEY (`job_id`) REFERENCES `post_jobs` (`id`) ON DELETE CASCADE ON UPDATE CASCADE,
  CONSTRAINT `fk_job_skills_skills` FOREIGN KEY (`skill_id`) REFERENCES `skills` (`id`)
) ENGINE=InnoDB AUTO_INCREMENT=137 DEFAULT CHARSET=utf8mb4 COLLATE=utf8mb4_0900_ai_ci;
/*!40101 SET character_set_client = @saved_cs_client */;

--
-- Dumping data for table `job_skills`
--

LOCK TABLES `job_skills` WRITE;
/*!40000 ALTER TABLE `job_skills` DISABLE KEYS */;
INSERT INTO `job_skills` VALUES (89,16,2),(90,16,3),(91,16,4),(92,16,5),(98,8,5),(99,8,8),(100,8,19),(101,8,28),(102,8,29),(103,9,9),(104,9,11),(105,9,14),(106,9,15),(107,9,16),(108,9,21),(109,10,2),(110,10,4),(111,10,14),(112,10,15),(113,10,16),(114,10,23),(115,10,24),(116,11,23),(117,11,24),(118,11,28),(119,11,29),(120,11,30),(121,12,3),(122,12,4),(123,12,5),(124,13,5),(125,13,9),(126,13,10),(127,13,15),(128,14,14),(129,14,15),(130,14,16),(131,14,21),(132,15,26),(133,15,27),(134,15,28),(135,15,29),(136,15,30);
/*!40000 ALTER TABLE `job_skills` ENABLE KEYS */;
UNLOCK TABLES;

--
-- Table structure for table `jobs`
--

DROP TABLE IF EXISTS `jobs`;
/*!40101 SET @saved_cs_client     = @@character_set_client */;
/*!50503 SET character_set_client = utf8mb4 */;
CREATE TABLE `jobs` (
  `id` int NOT NULL AUTO_INCREMENT,
  `name` varchar(45) NOT NULL,
  `description` varchar(255) NOT NULL,
  `created_at` timestamp NULL DEFAULT CURRENT_TIMESTAMP,
  `updated_at` timestamp NULL DEFAULT CURRENT_TIMESTAMP,
  `deleted` tinyint DEFAULT '0',
  PRIMARY KEY (`id`)
) ENGINE=InnoDB AUTO_INCREMENT=16 DEFAULT CHARSET=utf8mb4 COLLATE=utf8mb4_0900_ai_ci;
/*!40101 SET character_set_client = @saved_cs_client */;

--
-- Dumping data for table `jobs`
--

LOCK TABLES `jobs` WRITE;
/*!40000 ALTER TABLE `jobs` DISABLE KEYS */;
INSERT INTO `jobs` VALUES (1,'Web Development','Lập trình web fullstack','2025-02-04 04:49:41','2025-02-04 07:20:00',0),(2,'Backend','Backend developer với NodeJS, PHP','2025-02-04 05:17:46','2025-02-04 07:20:00',0),(3,'Frontend Developer','Phát triển giao diện với React/Vue','2025-02-04 06:20:00','2025-02-04 07:20:00',0),(4,'Mobile Developer','Lập trình ứng dụng di động iOS/Android','2025-02-04 07:30:00','2025-02-04 08:30:00',0),(5,'UI/UX Designer','Thiết kế giao diện người dùng','2025-02-04 08:15:00','2025-02-04 09:15:00',0),(6,'DevOps Engineer','Quản lý hệ thống và triển khai','2025-02-04 09:00:00','2025-02-04 10:00:00',0),(7,'Java Developer','Lập trình Java enterprise','2025-02-04 09:45:00','2025-02-04 10:45:00',0),(8,'Python Developer','Phát triển ứng dụng với Python','2025-02-04 10:30:00','2025-02-04 11:30:00',0),(9,'QA Engineer','Kiểm thử phần mềm','2025-02-04 11:15:00','2025-02-04 12:15:00',0),(10,'Database Administrator','Quản trị cơ sở dữ liệu','2025-02-04 12:00:00','2025-02-04 13:00:00',0),(11,'Solution Architect','Thiết kế giải pháp phần mềm','2025-02-04 12:45:00','2025-02-04 13:45:00',0),(12,'Business Analyst','Phân tích yêu cầu kinh doanh','2025-02-04 13:30:00','2025-02-04 14:30:00',0),(13,'Project Manager','Quản lý dự án phần mềm','2025-02-04 14:15:00','2025-02-04 15:15:00',0),(14,'Data Engineer','Xử lý và phân tích dữ liệu','2025-02-04 15:00:00','2025-02-04 16:00:00',0),(15,'Security Engineer','Bảo mật hệ thống','2025-02-04 15:45:00','2025-02-04 16:45:00',0);
/*!40000 ALTER TABLE `jobs` ENABLE KEYS */;
UNLOCK TABLES;

--
-- Table structure for table `permissions`
--

DROP TABLE IF EXISTS `permissions`;
/*!40101 SET @saved_cs_client     = @@character_set_client */;
/*!50503 SET character_set_client = utf8mb4 */;
CREATE TABLE `permissions` (
  `id` int NOT NULL AUTO_INCREMENT,
  `name` varchar(40) NOT NULL,
  `description` varchar(100) NOT NULL,
  `deleted` tinyint DEFAULT '0',
  `createdAt` timestamp NULL DEFAULT CURRENT_TIMESTAMP,
  `updatedAt` timestamp NULL DEFAULT CURRENT_TIMESTAMP,
  PRIMARY KEY (`id`),
  UNIQUE KEY `name_UNIQUE` (`name`)
) ENGINE=InnoDB AUTO_INCREMENT=34 DEFAULT CHARSET=utf8mb4 COLLATE=utf8mb4_0900_ai_ci;
/*!40101 SET character_set_client = @saved_cs_client */;

--
-- Dumping data for table `permissions`
--

LOCK TABLES `permissions` WRITE;
/*!40000 ALTER TABLE `permissions` DISABLE KEYS */;
INSERT INTO `permissions` VALUES (1,'view_companies','Xem được admin companies',0,'2025-02-12 12:57:39','2025-02-12 12:57:39'),(4,'create_companies','Thêm mới công ty',0,'2025-02-12 12:57:39','2025-02-12 12:57:39'),(5,'edit_companies','Chỉnh sửa công ty',0,'2025-02-12 12:57:39','2025-02-12 12:57:39'),(6,'delete_companies','Xóa công ty',0,'2025-02-12 12:57:39','2025-02-12 12:57:39'),(7,'view_skills','Xem danh sách kỹ năng',0,'2025-02-12 12:57:39','2025-02-12 12:57:39'),(8,'create_skills','Thêm mới kỹ năng',0,'2025-02-12 12:57:39','2025-02-12 12:57:39'),(9,'edit_skills','Chỉnh sửa kỹ năng',0,'2025-02-12 12:57:39','2025-02-12 12:57:39'),(10,'delete_skills','Xóa kỹ năng',0,'2025-02-12 12:57:39','2025-02-12 12:57:39'),(11,'view_jobs','Xem danh sách công việc',0,'2025-02-12 12:57:39','2025-02-12 12:57:39'),(12,'create_jobs','Thêm mới công việc',0,'2025-02-12 12:57:39','2025-02-12 12:57:39'),(13,'edit_jobs','Chỉnh sửa công việc',0,'2025-02-12 12:57:39','2025-02-12 12:57:39'),(14,'delete_jobs','Xóa công việc',0,'2025-02-12 12:57:39','2025-02-12 12:57:39'),(15,'view_post_jobs','Xem danh sách bài đăng công việc',0,'2025-02-12 12:57:39','2025-02-12 12:57:39'),(16,'create_post_jobs','Thêm mới bài đăng công việc',0,'2025-02-12 12:57:39','2025-02-12 12:57:39'),(17,'edit_post_jobs','Chỉnh sửa bài đăng công việc',0,'2025-02-12 12:57:39','2025-02-12 12:57:39'),(18,'delete_post_jobs','Xóa bài đăng công việc',0,'2025-02-12 12:57:39','2025-02-12 12:57:39'),(19,'view_users','Xem danh sách người dùng',0,'2025-02-12 12:57:39','2025-02-12 12:57:39'),(20,'create_users','Thêm mới người dùng',0,'2025-02-12 12:57:39','2025-02-12 12:57:39'),(21,'edit_users','Chỉnh sửa thông tin người dùng',0,'2025-02-12 12:57:39','2025-02-12 12:57:39'),(22,'delete_users','Xóa người dùng',0,'2025-02-12 12:57:39','2025-02-12 12:57:39'),(23,'view_permissions','Xem danh sách quyền',0,'2025-02-12 12:57:39','2025-02-12 12:57:39'),(24,'create_permissions','Thêm mới quyền',0,'2025-02-12 12:57:39','2025-02-12 12:57:39'),(25,'edit_permissions','Chỉnh sửa quyền',0,'2025-02-12 12:57:39','2025-02-12 12:57:39'),(26,'delete_permissions','Xóa quyền',0,'2025-02-12 12:57:39','2025-02-12 12:57:39'),(27,'view_roles','Xem danh sách vai trò',0,'2025-02-12 12:57:39','2025-02-12 12:57:39'),(28,'create_roles','Thêm mới vai trò',0,'2025-02-12 12:57:39','2025-02-12 12:57:39'),(29,'edit_roles','Chỉnh sửa vai trò',0,'2025-02-12 12:57:39','2025-02-12 12:57:39'),(30,'delete_roles','Xóa vai trò',0,'2025-02-12 12:57:39','2025-02-12 12:57:39'),(31,'view_dashboard','Coi biểu đồ hiển thị ',0,'2025-02-13 07:10:20','2025-02-13 07:10:20'),(32,'view_resumes','Xem được resume ',0,'2025-02-13 11:40:09','2025-02-13 11:40:09'),(33,'edit_resumes','Chỉnh sửa được resume',0,'2025-02-13 11:40:22','2025-02-13 11:40:22');
/*!40000 ALTER TABLE `permissions` ENABLE KEYS */;
UNLOCK TABLES;

--
-- Table structure for table `post_jobs`
--

DROP TABLE IF EXISTS `post_jobs`;
/*!40101 SET @saved_cs_client     = @@character_set_client */;
/*!50503 SET character_set_client = utf8mb4 */;
CREATE TABLE `post_jobs` (
  `id` int NOT NULL AUTO_INCREMENT,
  `name` varchar(100) NOT NULL,
  `quantity` int NOT NULL,
  `salary` int NOT NULL,
  `level` enum('INTERN','FRESHER','JUNIOR','SENIOR') NOT NULL,
  `description` text NOT NULL,
  `startDate` datetime NOT NULL,
  `endDate` datetime NOT NULL,
  `isActive` tinyint DEFAULT '0',
  `deleted` tinyint DEFAULT '0',
  `createdAt` timestamp NULL DEFAULT CURRENT_TIMESTAMP,
  `updateAt` timestamp NULL DEFAULT CURRENT_TIMESTAMP,
  `company_id` int NOT NULL,
  `job_id` int NOT NULL,
  PRIMARY KEY (`id`),
  KEY `fk_jobs_companies_idx` (`company_id`),
  KEY `fk_post_job_jobs_idx` (`job_id`),
  CONSTRAINT `fk_jobs_companies` FOREIGN KEY (`company_id`) REFERENCES `companies` (`id`),
  CONSTRAINT `fk_post_job_jobs` FOREIGN KEY (`job_id`) REFERENCES `jobs` (`id`)
) ENGINE=InnoDB AUTO_INCREMENT=17 DEFAULT CHARSET=utf8mb4 COLLATE=utf8mb4_0900_ai_ci;
/*!40101 SET character_set_client = @saved_cs_client */;

--
-- Dumping data for table `post_jobs`
--

LOCK TABLES `post_jobs` WRITE;
/*!40000 ALTER TABLE `post_jobs` DISABLE KEYS */;
INSERT INTO `post_jobs` VALUES (8,'Lead Developer (Python, Machine Learning)',6,20000000,'FRESHER','<div class=\"imy-5 paragraph\" style=\"color: rgb(18, 18, 18); font-family: Lexend, sans-serif; line-height: 1.8 !important; margin-top: 20px !important; margin-bottom: 20px !important;\"><h2 style=\"margin-bottom: 0px; font-weight: 700; line-height: 1.5; font-size: 22px;\">Mô tả công việc</h2><ul style=\"padding-left: 18px;\"><li>About the team: <br>This team is responsible for leveraging data within the career transition support services, aimed at improving the experience of job seekers and maximizing matching through the use of technologies such as data science and machine learning. <br>Using a data platform based on various user data, the organization conducts everything from various analyses, strategy planning, measure consideration, modeling, to system development.</li><li>Duties:<br>・Migration of each machine learning system from the current environment due to the renewal of the system infrastructure.<br><i>   *This is not a simple copy but involves system modification work based on the development policy of the new system infrastructure.</i><br>・Development, maintenance, and operation of machine learning systems for various measures.<br>・Active approach technological challenges and sharing the knowledge for the organization</li></ul></div><div class=\"border-bottom-dashed\" style=\"border-bottom: 1px dashed rgb(222, 222, 222); color: rgb(18, 18, 18); font-family: Lexend, sans-serif;\"></div><div class=\"imy-5 paragraph\" style=\"color: rgb(18, 18, 18); font-family: Lexend, sans-serif; line-height: 1.8 !important; margin-top: 20px !important; margin-bottom: 20px !important;\"><h2 style=\"margin-bottom: 0px; font-weight: 700; line-height: 1.5; font-size: 22px;\">Yêu cầu công việc</h2><p style=\"margin-bottom: 0px;\"><span style=\"font-weight: bolder;\">SKILLS & EXPERIENCE REQUIREMENTS</span></p><p style=\"margin-bottom: 0px;\"><span style=\"font-weight: bolder;\">Age:</span> 25 - 40</p><p style=\"margin-bottom: 0px;\"><span style=\"font-weight: bolder;\">Must</span></p><p style=\"margin-bottom: 0px;\">・2+ years of experience using Python<br>・2+ years of experience using SQL<br>・2+ years of experience operating the CUI of Linux servers<br>・2+ years of experience using Docker<br>・2+ years of practical implementation experience using Git<br>・Knowledge and 2+ years of usage experience of AWS services<br>・Knowledge and 1+ years of implementation experience of Machine Learning<br>・2+ years of Leading team development experience<br>・Experience writing documentation such as system requirements definitions, design documents, and READMEs</p><p style=\"margin-bottom: 0px;\"><span style=\"font-weight: bolder;\">Preferable</span></p><p style=\"margin-bottom: 0px;\">・Practical experience using Machine Learning<br>・Knowledge of evaluating the accuracy of Machine Learning models<br>・Practical experience using large-scale data<br>・Experience using PostgreSQL and Redshift<br>・Experience creating APIs using Flask and FastAPI<br>・Experience building infrastructure on AWS<br>・Knowledge of the human resources industry<br>・Experience using Datadog<br>・Understanding and experience using workflow tools</p><p style=\"margin-bottom: 0px;\"><span style=\"font-weight: bolder;\">English skill:</span> From Basic Level~<br><span style=\"font-weight: bolder;\">Recruitment Process: </span>Test → 1st interview → Final interview → Offer</p></div><div class=\"border-bottom-dashed\" style=\"border-bottom: 1px dashed rgb(222, 222, 222); color: rgb(18, 18, 18); font-family: Lexend, sans-serif;\"></div><div class=\"imy-5 paragraph\" style=\"color: rgb(18, 18, 18); font-family: Lexend, sans-serif; line-height: 1.8 !important; margin-top: 20px !important; margin-bottom: 20px !important;\"><h2 style=\"margin-bottom: 0px; font-weight: 700; line-height: 1.5; font-size: 22px;\">Tại sao bạn sẽ yêu thích làm việc tại đây</h2><ul style=\"padding-left: 18px;\"><li><span style=\"font-weight: bolder;\">Annual Leave: 15 days/ year</span></li><li><span style=\"font-weight: bolder;\">Flexible Working Time (Hybrid Working) </span></li><li><span style=\"font-weight: bolder;\">100% Salary in Probation</span></li><li>Salary Review (Twice a Year) </li><li>13th Salary bonus</li><li>Social Insurance for 100% Salary</li><li>Travel Allowance</li><li>Premium Health Care Insurance for employees (PTI)</li><li>Annual Health Check </li><li>Full Device privided</li><li>Monthly Happy Hour, Company Trip, Year End Party and Events</li><li>Marriage / Baby Gift</li><li>Funeral Expenses</li><li>Referral Bonus</li><li>Skill Improvement Course for Employees (Udemy)</li></ul></div>','2025-02-20 00:00:00','2025-02-28 00:00:00',0,0,'2025-01-15 16:03:42','2025-01-15 16:03:42',35,1),(9,'Project Manager - BI & Data (Japanese Speaking)',10,30000000,'JUNIOR','<div class=\"imy-3 paragraph\" style=\"color: rgb(18, 18, 18); font-family: Lexend, sans-serif; line-height: 1.8 !important; margin-top: 12px !important; margin-bottom: 12px !important;\"><h2 style=\"margin-bottom: 0px; font-weight: 700; line-height: 1.5; font-size: 22px;\">3 Lý do để gia nhập công ty</h2><ul style=\"padding-left: 18px;\"><li>We truly value your thoughts and opinions</li><li>Global and professional</li><li>Hybrid working, flexible time</li></ul></div><div class=\"border-bottom-dashed\" style=\"border-bottom: 1px dashed rgb(222, 222, 222); color: rgb(18, 18, 18); font-family: Lexend, sans-serif;\"></div><div class=\"imy-5 paragraph\" style=\"color: rgb(18, 18, 18); font-family: Lexend, sans-serif; line-height: 1.8 !important; margin-top: 20px !important; margin-bottom: 20px !important;\"><h2 style=\"margin-bottom: 0px; font-weight: 700; line-height: 1.5; font-size: 22px;\">Mô tả công việc</h2><p style=\"margin-bottom: 0px;\">At NFQ, we\'re all about developing cutting-edge apps, CRMs, ERPs, and other cross-platform products. Both for ourselves and for our clients that include HomeToGo, Kayak, Alaiko, Home24, and many others. We specialize in e-commerce, mobility, and transport & logistics, and we\'re always eager to tackle new challenges. Whatever the area – from Mobile to UX  – we\'ve got a team that knows it inside out.</p><p style=\"margin-bottom: 0px;\">Join our team of 800+ professionals across Germany, Poland, Lithuania, Vietnam, Thailand, Singapore, and Egypt. Make your own way with us!</p><p style=\"margin-bottom: 0px;\">Our organization partners closely with global enterprise clients to drive data-driven transformation and optimize operational performance. We are seeking <span style=\"font-weight: bolder;\">a Japanese-speaking Project Manager specializing in data</span> projects to serve as the primary liaison with Japanese stakeholders, ensuring the successful execution and delivery of critical data initiatives.</p><p style=\"margin-bottom: 0px;\"> </p><p style=\"margin-bottom: 0px;\"><span style=\"font-weight: bolder;\">In this role you will:</span></p><ul style=\"padding-left: 18px;\"><li>In this role, you will work closely with Japanese stakeholders to understand their needs, define project scopes, and ensure the timely and high-quality delivery of data solutions. These projects will range from dashboard and report development to analytics and data governance activities. By balancing strategic vision, technical understanding, and strong stakeholder engagement, you will help drive value from our clients’ data assets.</li></ul><p style=\"margin-bottom: 0px;\"><span style=\"font-weight: bolder;\">Stakeholder Collaboration:</span></p><ul style=\"padding-left: 18px;\"><li>Engage directly with Japanese stakeholders to understand business requirements, translate needs into actionable data projects, and maintain clear communication throughout the project lifecycle.</li><li>Facilitate regular status updates, workshops, and review sessions, ensuring alignment with stakeholder expectations and organizational objectives.</li></ul><p style=\"margin-bottom: 0px;\"><span style=\"font-weight: bolder;\">Project Planning & Execution:</span></p><ul style=\"padding-left: 18px;\"><li>Develop comprehensive project plans, including timelines, milestones, resource allocation, and risk mitigation strategies, ensuring all data initiatives are delivered on-time and within scope.</li><li>Monitor progress against project objectives and provide proactive updates to stakeholders and internal teams.</li></ul><p style=\"margin-bottom: 0px;\"><span style=\"font-weight: bolder;\">Data Project Management:</span></p><ul style=\"padding-left: 18px;\"><li>Oversee the design, development, and implementation of data-related solutions such as dashboards, reports, analytics models, and data governance frameworks.</li><li>Coordinate with internal technical teams (e.g., data engineers, data analysts, BI developers) to ensure accuracy, reliability, and scalability of delivered solutions.</li></ul><p style=\"margin-bottom: 0px;\"><span style=\"font-weight: bolder;\">Quality Assurance & Continuous Improvement:</span></p><ul style=\"padding-left: 18px;\"><li>Establish and enforce data governance standards, ensuring deliverables meet quality and compliance criteria.</li><li>Continuously seek opportunities to optimize existing processes, enhance reporting capabilities, and improve data quality and accessibility.</li></ul><p style=\"margin-bottom: 0px;\"><span style=\"font-weight: bolder;\">Documentation & Reporting:</span></p><ul style=\"padding-left: 18px;\"><li>Maintain clear and concise documentation of project requirements, decisions, progress, and outcomes.</li><li>Provide regular performance metrics, insights, and recommendations to support data-driven decision-making at all organizational levels.ion journey.</li></ul></div><div class=\"border-bottom-dashed\" style=\"border-bottom: 1px dashed rgb(222, 222, 222); color: rgb(18, 18, 18); font-family: Lexend, sans-serif;\"></div><div class=\"imy-5 paragraph\" style=\"color: rgb(18, 18, 18); font-family: Lexend, sans-serif; line-height: 1.8 !important; margin-top: 20px !important; margin-bottom: 20px !important;\"><h2 style=\"margin-bottom: 0px; font-weight: 700; line-height: 1.5; font-size: 22px;\">Yêu cầu công việc</h2><p style=\"margin-bottom: 0px;\"><span style=\"font-weight: bolder;\">What you will bring:</span></p><ul style=\"padding-left: 18px;\"><li><span style=\"font-weight: bolder;\">Language Skills: </span>Good Japanese Speaking, enabling confident communication with both local and international stackholder. </li><li><span style=\"font-weight: bolder;\">Experience:</span> 5+ years of experience in project management, with a significant focus on data initiatives (BI dashboards, analytics, data engineering, data governance).</li><li><span style=\"font-weight: bolder;\">Technical Acumen:</span></li></ul><p style=\"margin-bottom: 0px;\">(1) Familiarity with BI tools (e.g., Tableau, Power BI), data warehousing concepts, SQL, and analytics methodologies.</p><p style=\"margin-bottom: 0px;\">(2) Prior experience managing full lifecycle data projects is highly desirable.</p><p style=\"margin-bottom: 0px;\">(3) Bonus if prior experience with Snowflake and / or Geographic Information System analytics.</p><ul style=\"padding-left: 18px;\"><li><span style=\"font-weight: bolder;\">Project Management Expertise:</span> Proven experience applying project management methodologies (e.g., Agile, Scrum, Waterfall) and using related tools (e.g., Jira, Asana, MS Project) to ensure on-time and on-budget project delivery.</li><li><span style=\"font-weight: bolder;\">Interpersonal Skills:</span> Exceptional communication, negotiation, and stakeholder management abilities. Comfortable leading cross-functional teams and guiding them towards shared objectives.</li><li><span style=\"font-weight: bolder;\">Problem-Solving:</span> Strong analytical and critical thinking skills, with the ability to proactively identify and resolve challenges, ensuring the continuous success of data initiatives.</li></ul></div><div class=\"border-bottom-dashed\" style=\"border-bottom: 1px dashed rgb(222, 222, 222); color: rgb(18, 18, 18); font-family: Lexend, sans-serif;\"></div><div class=\"imy-5 paragraph\" style=\"color: rgb(18, 18, 18); font-family: Lexend, sans-serif; line-height: 1.8 !important; margin-top: 20px !important; margin-bottom: 20px !important;\"><h2 style=\"margin-bottom: 0px; font-weight: 700; line-height: 1.5; font-size: 22px;\">Tại sao bạn sẽ yêu thích làm việc tại đây</h2><ul style=\"padding-left: 18px;\"><li>An opportunity to influence data-driven decision-making within a global corporate environment.</li><li>A collaborative, international setting that values innovation, diversity, continuous learning and professional development opportunities.</li><li>The only Vietnam\'s Best IT Company awarded by ITViec for 6 consecutive years.</li><li>We are proud to have a diverse team, with 13+ different nationalities represented, and we believe that our differences make us stronger. We also offer plenty of opportunities for our employee’s personal growth. And we believe in giving everyone the freedom and responsibility to do their work. We don’t sugarcoat things - we tell you exactly what we can do, and then we do it.</li></ul><p style=\"margin-bottom: 0px;\"><span style=\"font-weight: bolder;\">Benefits:</span></p><ul style=\"padding-left: 18px;\"><li>Laptop is provided.</li><li>A fun & dynamic environment and freedom to be creative.</li><li>Modern office with a flexible relaxing zone.</li><li>13th-month salary pro-rata (based on business situation).</li><li>Performance review 2 times/ year.</li><li>Extra Premium Healthcare & Annual Health-check.</li><li>15 days annual leave.</li></ul><p style=\"margin-bottom: 0px;\"><span style=\"font-weight: bolder;\">Locations: </span>NFQ welcomes you to our offices in Vietnam, choose the location that suits you best and join us on a journey of innovation and excellence.</p><ul style=\"padding-left: 18px;\"><li><span style=\"font-weight: bolder;\">Ho Chi Minh office:</span> Unit No.PF-08 on Podium Floor, Sapphire Tower 2, 92 Nguyen Huu Canh Street, Ward 22, Binh Thanh District.</li><li><span style=\"font-weight: bolder;\">Da Nang office: </span>23rd Floor, G8 Golden Tower, 65 Hai Phong, Thach Thang Ward, Hai Chau District.</li><li><span style=\"font-weight: bolder;\">Ha Noi office: </span>10th Floor, Hancorp Plaza, 72 Tran Dang Ninh Street, Dich Vong Ward, Cau Giay District.</li></ul><p style=\"margin-bottom: 0px;\"><span style=\"font-weight: bolder;\">Working time:</span> Monday – Friday (9AM - 6PM)</p></div>','2025-02-20 00:00:00','2025-02-26 00:00:00',0,0,'2025-01-15 16:11:21','2025-01-15 16:11:21',36,1),(10,'Senior QC Engineer (Automation Tester/QA QC)',2,50000000,'SENIOR','<div class=\"imy-3 paragraph\" style=\"color: rgb(18, 18, 18); font-family: Lexend, sans-serif; line-height: 1.8 !important; margin-top: 12px !important; margin-bottom: 12px !important;\"><h2 style=\"margin-bottom: 0px; font-weight: 700; line-height: 1.5; font-size: 22px;\">3 Lý do để gia nhập công ty</h2><ul style=\"padding-left: 18px;\"><li>We truly value your thoughts and opinions</li><li>Global and professional</li><li>Hybrid working, flexible time</li></ul></div><div class=\"border-bottom-dashed\" style=\"border-bottom: 1px dashed rgb(222, 222, 222); color: rgb(18, 18, 18); font-family: Lexend, sans-serif;\"></div><div class=\"imy-5 paragraph\" style=\"color: rgb(18, 18, 18); font-family: Lexend, sans-serif; line-height: 1.8 !important; margin-top: 20px !important; margin-bottom: 20px !important;\"><h2 style=\"margin-bottom: 0px; font-weight: 700; line-height: 1.5; font-size: 22px;\">Mô tả công việc</h2><p style=\"margin-bottom: 0px;\">At NFQ, we focus on developing cutting-edge apps, CRMs, ERPs, and other cross-platform products. We develop these solutions not only for ourselves but also for our clients, which include a range of prominent companies such as HomeToGo, Kayak, Alaiko, and Home24. We specialize in e-commerce, mobility, and transport & logistics, and we\'re always eager to tackle new challenges. Whatever the area – from Mobile to UX  – we\'ve got a team that knows it inside out.</p><p style=\"margin-bottom: 0px;\"> </p><p style=\"margin-bottom: 0px;\">Join our team of 800+ professionals across Germany, Poland, Lithuania, Vietnam, Thailand, Singapore, and Egypt. Make your own way with us!</p><p style=\"margin-bottom: 0px;\"> </p><p style=\"margin-bottom: 0px;\">We are seeking a highly skilled Senior Quality Control Engineer to join our team. In this role, you will focus on automation testing for a suite of plugins designed for popular e-commerce platforms like WooCommerce, Magento, and Shopware, primarily for checkout and payment gateway integrations. You will play a key role in establishing a strong foundation for testing multiple projects, ensuring top-notch quality and reliability across all deliverables.</p><p style=\"margin-bottom: 0px;\"> </p><p style=\"margin-bottom: 0px;\"><span style=\"font-weight: bolder;\">In this role, you will:</span></p><ul style=\"padding-left: 18px;\"><li>Design, develop, and maintain <span style=\"font-weight: bolder;\">automation test frameworks</span> for plugins across various e-commerce platforms.</li><li>Define and implement testing strategies tailored to each project, establishing a robust testing foundation.</li><li>Validate functionalities, compatibility, and performance of checkout and payment gateway integrations.</li><li>Collaborate with development teams to ensure test coverage and address defects effectively.</li><li>Write and execute automated test scripts for functional, integration, and regression testing.</li><li>Provide detailed test documentation, including plans, scripts, and reports.</li><li>Ensure the quality of multiple e-commerce projects through scalable testing solutions.</li><li>Communicate effectively with internal and external stakeholders in <span style=\"font-weight: bolder;\">English</span> to report on testing progress and results.</li></ul></div><div class=\"border-bottom-dashed\" style=\"border-bottom: 1px dashed rgb(222, 222, 222); color: rgb(18, 18, 18); font-family: Lexend, sans-serif;\"></div><div class=\"imy-5 paragraph\" style=\"color: rgb(18, 18, 18); font-family: Lexend, sans-serif; line-height: 1.8 !important; margin-top: 20px !important; margin-bottom: 20px !important;\"><h2 style=\"margin-bottom: 0px; font-weight: 700; line-height: 1.5; font-size: 22px;\">Yêu cầu công việc</h2><p style=\"margin-bottom: 0px;\"><span style=\"font-weight: bolder;\">What you will bring:</span></p><ul style=\"padding-left: 18px;\"><li><span style=\"font-weight: bolder;\">5+ years</span> of experience in Quality Assurance, with at least <span style=\"font-weight: bolder;\">3 years</span> focused on automation testing.</li><li>Proficiency with automation testing tools and frameworks (e.g., Selenium, Cypress, Playwright).</li><li>Experience testing <span style=\"font-weight: bolder;\">checkout processes</span> and <span style=\"font-weight: bolder;\">payment gateway integrations</span> is a must.</li><li>Ability to create and maintain reusable testing frameworks across multiple projects.</li><li>Familiarity with CI/CD pipelines and integration of automated tests in DevOps workflows.</li><li>Excellent problem-solving skills and attention to detail.</li><li>Strong verbal and written <span style=\"font-weight: bolder;\">English communication skills</span>.</li><li>Ability to work independently and collaboratively in a dynamic environment.</li><li>Experience with performance testing and security testing.</li><li>ISTQB or equivalent certification.</li><li>Exposure to e-commerce compliance and payment standards.</li></ul><p style=\"margin-bottom: 0px;\"><span style=\"font-weight: bolder;\">Nice-to-Have:</span></p><ul style=\"padding-left: 18px;\"><li>Experience with performance testing and security testing.</li><li>ISTQB or equivalent certification.</li><li>Exposure to e-commerce compliance and payment standards.</li></ul></div><div class=\"border-bottom-dashed\" style=\"border-bottom: 1px dashed rgb(222, 222, 222); color: rgb(18, 18, 18); font-family: Lexend, sans-serif;\"></div><div class=\"imy-5 paragraph\" style=\"color: rgb(18, 18, 18); font-family: Lexend, sans-serif; line-height: 1.8 !important; margin-top: 20px !important; margin-bottom: 20px !important;\"><h2 style=\"margin-bottom: 0px; font-weight: 700; line-height: 1.5; font-size: 22px;\">Tại sao bạn sẽ yêu thích làm việc tại đây</h2><ul style=\"padding-left: 18px;\"><li>The only Vietnam\'s Best IT Company awarded by ITViec for 6 consecutive years.</li><li>We are proud to have a diverse team, with 13+ different nationalities represented, and we believe that our differences make us stronger. We also offer plenty of opportunities for our employee’s personal growth. And we believe in giving everyone the freedom and responsibility to do their work. We don’t sugarcoat things - we tell you exactly what we can do, and then we do it.</li></ul><p style=\"margin-bottom: 0px;\"><span style=\"font-weight: bolder;\">Benefits:</span></p><ul style=\"padding-left: 18px;\"><li>Laptop is provided.</li><li>A fun & dynamic environment and freedom to be creative.</li><li>Modern office with a flexible relaxing zone.</li><li>13th-month salary pro-rata (based on business situation).</li><li>Performance review 2 times/ year.</li><li>Extra Premium Healthcare & Annual Health-check.</li><li>15 days annual leaves.</li><li><span style=\"font-weight: bolder;\">Working time:</span> Monday – Friday (9AM - 6PM)</li></ul></div>','2025-02-20 00:00:00','2025-02-26 00:00:00',0,0,'2025-01-15 16:12:26','2025-01-15 16:12:26',36,1),(11,'Backend Engineer (Golang) - EVO',10,30000000,'FRESHER','<div class=\"imy-3 paragraph\" style=\"color: rgb(18, 18, 18); font-family: Lexend, sans-serif; line-height: 1.8 !important; margin-top: 12px !important; margin-bottom: 12px !important;\"><h2 style=\"margin-bottom: 0px; font-weight: 700; line-height: 1.5; font-size: 22px;\">3 Lý do để gia nhập công ty</h2><ul style=\"padding-left: 18px;\"><li>Top Salary, Awesome Benefits</li><li>Premium healthcare for 3 members in family</li><li>Grab to work, Lunch allowance for all employee</li></ul></div><div class=\"border-bottom-dashed\" style=\"border-bottom: 1px dashed rgb(222, 222, 222); color: rgb(18, 18, 18); font-family: Lexend, sans-serif;\"></div><div class=\"imy-5 paragraph\" style=\"color: rgb(18, 18, 18); font-family: Lexend, sans-serif; line-height: 1.8 !important; margin-top: 20px !important; margin-bottom: 20px !important;\"><h2 style=\"margin-bottom: 0px; font-weight: 700; line-height: 1.5; font-size: 22px;\">Mô tả công việc</h2><p style=\"margin-bottom: 0px;\">Join Trusting Social as a Backend Engineer on the Credit Insight project, the cornerstone of our company. This project delivers credit scoring services to over 1 billion subscribers worldwide and serves as the foundation for many of our other initiatives. Additionally, you\'ll work on our Payment Gateway, which enables transactions even before physical card issuance.</p><p style=\"margin-bottom: 0px;\"><br><span style=\"font-weight: bolder;\">Responsibilities</span></p><ul style=\"padding-left: 18px;\"><li>Building highly scalable, highly available, fault-tolerant Web service API’s to handle millions of transactions per day:</li><li>Follow Agile and DevOps practices like CI/CD to deliver quality code at speed to market</li><li>Build software services that can integrate effortlessly and securely with banks, third party platforms and vendors </li><li>Think out of the box, innovate, experiment, continuously improve, fail fast and learn as you go in an effort to provide simple yet effective solutions to complex problems</li></ul></div><div class=\"border-bottom-dashed\" style=\"border-bottom: 1px dashed rgb(222, 222, 222); color: rgb(18, 18, 18); font-family: Lexend, sans-serif;\"></div><div class=\"imy-5 paragraph\" style=\"color: rgb(18, 18, 18); font-family: Lexend, sans-serif; line-height: 1.8 !important; margin-top: 20px !important; margin-bottom: 20px !important;\"><h2 style=\"margin-bottom: 0px; font-weight: 700; line-height: 1.5; font-size: 22px;\">Yêu cầu công việc</h2><ul style=\"padding-left: 18px;\"><li>Bachelor\'s degree or higher in Computer Science, Engineering, or related fields.</li><li>At least 3 years of software development experience and solid experience with Golang. </li><li>Knowledge about REST/gRPC API.</li><li>Experience in designing and developing API’s and backend services on various relational and NoSQL databases as MySQL/Postgres, Redis, Elasticsearch, RocksDB, ...</li><li>Strong Database and Schema design for performance and scale.</li><li>Understanding of system design and tuning for high performance, scalability and reliability.</li><li>Experience with Microservice architect is a plus.</li><li>Experience with automated testing, CI/CD Jenkins, Docker containers, Kubernetes, caching techniques and Git is nice to have.</li><li>Strong working knowledge of data structures, algorithms, object-oriented design, cloud.</li></ul></div><div class=\"border-bottom-dashed\" style=\"border-bottom: 1px dashed rgb(222, 222, 222); color: rgb(18, 18, 18); font-family: Lexend, sans-serif;\"></div><div class=\"imy-5 paragraph\" style=\"color: rgb(18, 18, 18); font-family: Lexend, sans-serif; line-height: 1.8 !important; margin-top: 20px !important; margin-bottom: 20px !important;\"><h2 style=\"margin-bottom: 0px; font-weight: 700; line-height: 1.5; font-size: 22px;\">Tại sao bạn sẽ yêu thích làm việc tại đây</h2><ul style=\"padding-left: 18px;\"><li>Competitive compensation package, including 13th-month salary and performance bonuses</li><li>Comprehensive health care coverage for you and your dependents</li><li>Generous leave policies, including annual leave, sick leave, and flexible work hours</li><li>Convenient central district 1 office location, next to a future metro station</li><li>Onsite lunch with multiple options, including vegetarian</li><li>Grab for work allowance and fully equipped workstations</li><li>Fun and engaging team building activities, sponsored sports clubs, and happy hour every Thursday</li><li>Unlimited free coffee, tea, snacks, and fruit to keep you energized</li><li>An opportunity to make a social impact by helping to democratize credit access in emerging markets.</li></ul></div>','2025-02-21 00:00:00','2025-02-27 00:00:00',0,0,'2025-01-15 16:14:01','2025-01-15 16:14:01',37,1),(12,'Senior Flutter Developer',1,2000000,'FRESHER','<div class=\"imy-3 paragraph\" style=\"color: rgb(18, 18, 18); font-family: Lexend, sans-serif; line-height: 1.8 !important; margin-top: 12px !important; margin-bottom: 12px !important;\"><h2 style=\"margin-bottom: 0px; font-weight: 700; line-height: 1.5; font-size: 22px;\">3 Lý do để gia nhập công ty</h2><ul style=\"padding-left: 18px;\"><li>Top Salary, Awesome Benefits</li><li>Premium healthcare for 3 members in family</li><li>Grab to work, Lunch allowance for all employee</li></ul></div><div class=\"border-bottom-dashed\" style=\"border-bottom: 1px dashed rgb(222, 222, 222); color: rgb(18, 18, 18); font-family: Lexend, sans-serif;\"></div><div class=\"imy-5 paragraph\" style=\"color: rgb(18, 18, 18); font-family: Lexend, sans-serif; line-height: 1.8 !important; margin-top: 20px !important; margin-bottom: 20px !important;\"><h2 style=\"margin-bottom: 0px; font-weight: 700; line-height: 1.5; font-size: 22px;\">Mô tả công việc</h2><ul style=\"padding-left: 18px;\"><li>Design and build advanced components for highly scalable, reliable, maintainable, and secure mobile projects.</li><li>Develop robust, testable, and efficient code, ensuring optimal performance, quality, and a smooth user experience on diverse devices models and operating systems.</li><li>Perform unit testing and participate in code reviews to maintain code quality.</li><li>Adopt problem-solving approaches, innovate and contribute to technological and product development.</li><li>Maintain effective communication and collaboration with cross-functional teams (Product, Backend, QA, DevOps, Design, etc.) to provide technical input, define, design, and ship new features and improvements as part of an Agile team.</li><li>Support and mentor team members to raise the bar.</li></ul></div><div class=\"border-bottom-dashed\" style=\"border-bottom: 1px dashed rgb(222, 222, 222); color: rgb(18, 18, 18); font-family: Lexend, sans-serif;\"></div><div class=\"imy-5 paragraph\" style=\"color: rgb(18, 18, 18); font-family: Lexend, sans-serif; line-height: 1.8 !important; margin-top: 20px !important; margin-bottom: 20px !important;\"><h2 style=\"margin-bottom: 0px; font-weight: 700; line-height: 1.5; font-size: 22px;\">Yêu cầu công việc</h2><ul style=\"padding-left: 18px;\"><li>5+ years of experience in mobile development, with at least 3 years specializing in Flutter for large-scale applications.</li><li>Deep understanding of Flutter and the Dart language, including object-oriented and functional programming, coding principles, design patterns, threading, memory management, performance optimization, networking, asynchronous programming, and leveraging popular Flutter libraries.</li><li>Comprehensive knowledge of security, API design, mobile app UI/UX principles, CI/CD practices and tools.</li><li>Proficient in Agile development methodologies with experience in TDD and knowledge of automated testing frameworks.</li><li>Ability to break down complex user stories into actionable tasks and ensure technical feasibility.</li><li>Excellent analytical, troubleshooting, and problem-solving skills.</li><li>Ability to define technical requirements and work effectively with minimal supervision.</li><li>A proactive attitude and willingness to engage in a diverse and collaborative team environment.</li><li>Proficient in written and verbal communication skills in English.</li><li>Experience with platforms such as native Android/iOS, or React Native is advantageous, as is a willingness to learn and work with additional technologies.</li></ul></div><div class=\"border-bottom-dashed\" style=\"border-bottom: 1px dashed rgb(222, 222, 222); color: rgb(18, 18, 18); font-family: Lexend, sans-serif;\"></div><div class=\"imy-5 paragraph\" style=\"color: rgb(18, 18, 18); font-family: Lexend, sans-serif; line-height: 1.8 !important; margin-top: 20px !important; margin-bottom: 20px !important;\"><h2 style=\"margin-bottom: 0px; font-weight: 700; line-height: 1.5; font-size: 22px;\">Tại sao bạn sẽ yêu thích làm việc tại đây</h2><ul style=\"padding-left: 18px;\"><li>Competitive compensation package, including 13th-month salary and performance bonuses</li><li>Comprehensive health care coverage for you and your dependents</li><li>Generous leave policies, including annual leave, sick leave, and flexible work hours</li><li>Convenient central district 1 office location, next to a future metro station</li><li>Onsite lunch with multiple options, including vegetarian</li><li>Grab for work allowance and fully equipped workstations</li><li>Fun and engaging team building activities, sponsored sports clubs, and happy hour every Thursday</li><li>Unlimited free coffee, tea, snacks, and fruit to keep you energized</li><li>An opportunity to make a social impact by helping to democratize credit access in emerging markets.</li></ul></div>','2025-02-21 00:00:00','2025-02-27 00:00:00',0,0,'2025-01-15 16:17:23','2025-01-15 16:17:23',37,1),(13,'Quality Assurance Lead',5,2000000,'JUNIOR','<div class=\"imy-3 paragraph\" style=\"color: rgb(18, 18, 18); font-family: Lexend, sans-serif; line-height: 1.8 !important; margin-top: 12px !important; margin-bottom: 12px !important;\"><h2 style=\"margin-bottom: 0px; font-weight: 700; line-height: 1.5; font-size: 22px;\">3 Lý do để gia nhập công ty</h2><ul style=\"padding-left: 18px;\"><li>Excellent environment and team to help you grow.</li><li>Competitive salary and learning culture.</li><li>Premium health care for you and your family.</li></ul></div><div class=\"border-bottom-dashed\" style=\"border-bottom: 1px dashed rgb(222, 222, 222); color: rgb(18, 18, 18); font-family: Lexend, sans-serif;\"></div><div class=\"imy-5 paragraph\" style=\"color: rgb(18, 18, 18); font-family: Lexend, sans-serif; line-height: 1.8 !important; margin-top: 20px !important; margin-bottom: 20px !important;\"><h2 style=\"margin-bottom: 0px; font-weight: 700; line-height: 1.5; font-size: 22px;\">Mô tả công việc</h2><p style=\"margin-bottom: 0px;\">Are you passionate about delivering world-class quality in banking products? Do you excel at leading teams, driving innovation, and ensuring every product makes a lasting positive impact on its users? If so, we have the perfect opportunity for you!</p><p style=\"margin-bottom: 0px;\"> </p><p style=\"margin-bottom: 0px;\">As a <span style=\"font-weight: bolder;\">QA Lead</span>, you will play a critical role in shaping the quality vision across our digital banking platforms. Your focus will be on guiding and driving test automation while continuously improving processes across all feature teams and portfolios to elevate overall product quality.</p><p style=\"margin-bottom: 0px;\"> </p><p style=\"margin-bottom: 0px;\">This role isn’t finding bugs—it’s about fostering a culture of quality where everyone contributes to delivering exceptional user experiences.</p><p style=\"margin-bottom: 0px;\"> </p><p style=\"margin-bottom: 0px;\"><span style=\"font-weight: bolder;\">Job Responsibilities:</span></p><ul style=\"padding-left: 18px;\"><li><span style=\"font-weight: bolder;\">Drive Quality Strategy</span>:<ul style=\"padding-left: 18px;\"><li>Quality at speed enhances delivery testing and optimizes resource costs, making scaling easier.</li><li>Ensure adherence to quality standards by all team members</li><li>Monitor test plans, cases, and scripts to ensure alignment with business requirements (Include test management, test analytic, test government).</li></ul></li><li><span style=\"font-weight: bolder;\">Foster a Quality-First Culture</span>:<ul style=\"padding-left: 18px;\"><li>Advocate for a mindset where quality is everyone’s responsibility, not just QA’s.</li><li>Lead by example, showing how attention to detail can make a difference for users.</li><li>Encourage open feedback and continuous improvement across the organization</li></ul></li><li><span style=\"font-weight: bolder;\">Champion Automation</span>:<ul style=\"padding-left: 18px;\"><li>Advocate for and lead the adoption of cutting-edge test automation tools.</li><li>Embed automation into the CI/CD pipeline to achieve faster, more reliable releases</li><li>Stay ahead of trends to introduce innovative solutions that enhance efficiency</li></ul></li><li><span style=\"font-weight: bolder;\">Turn Metrics into Insights</span>:<ul style=\"padding-left: 18px;\"><li>Track quality metrics like defect rates and test coverage to measure team success.</li><li>Use data to identify areas for improvement and ensure risks are managed proactively</li><li>Share progress, insights, and updates with DoE/PPM and Banks, keeping them informed and confident</li></ul></li><li><span style=\"font-weight: bolder;\">Be a Mentor and Leader</span>:<ul style=\"padding-left: 18px;\"><li>Inspire and support your QA team, helping them grow professionally and excel in their roles</li><li>Build a positive, collaborative team environment where quality is a shared priority</li><li>Provide meaningful feedback through regular performance reviews to help your team shine</li></ul></li><li><span style=\"font-weight: bolder;\">Build Bridges Across Teams</span>:<ul style=\"padding-left: 18px;\"><li>Collaborate seamlessly with engineering, product owners, and other QA teams to align on quality goals.</li><li>Focusing on guiding and driving the engineering team to improve overall product quality.</li></ul></li></ul></div><div class=\"border-bottom-dashed\" style=\"border-bottom: 1px dashed rgb(222, 222, 222); color: rgb(18, 18, 18); font-family: Lexend, sans-serif;\"></div><div class=\"imy-5 paragraph\" style=\"color: rgb(18, 18, 18); font-family: Lexend, sans-serif; line-height: 1.8 !important; margin-top: 20px !important; margin-bottom: 20px !important;\"><h2 style=\"margin-bottom: 0px; font-weight: 700; line-height: 1.5; font-size: 22px;\">Yêu cầu công việc</h2><ul style=\"padding-left: 18px;\"><li><span style=\"font-weight: bolder;\">Experience and Skills:</span><ul style=\"padding-left: 18px;\"><li>Proven experience as a QA Lead or similar role in a fast-paced digital banking or fintech environment.</li><li>Expertise in manual and automated testing methodologies, tools, and frameworks.</li><li>Expertise and Strong knowledge on Shift-left testing and Agile testing methodologies</li><li>Familiarity knowledge of Agile and DevOps principles.</li><li>Familiarity with CI/CD pipelines and integration of automated tests.</li></ul></li><li><span style=\"font-weight: bolder;\">Technical Knowledge:</span><ul style=\"padding-left: 18px;\"><li>Proficiency in testing APIs, web services, and mobile applications.</li><li>Expert in test design and Test Management.</li><li>Family with testing Microservices, Event-Drivent, Serverless..</li><li>Solid understanding of security testing and performance testing best practices.</li><li>Hands-on experience with tools like JIRA, XRAY, Postman, or equivalent.</li></ul></li><li><span style=\"font-weight: bolder;\">Soft Skills</span>:<ul style=\"padding-left: 18px;\"><li>Excellent leadership and team management abilities.</li><li>Strong problem-solving and analytical thinking skills.</li><li>Outstanding communication and collaboration skills.</li></ul></li></ul></div><div class=\"border-bottom-dashed\" style=\"border-bottom: 1px dashed rgb(222, 222, 222); color: rgb(18, 18, 18); font-family: Lexend, sans-serif;\"></div><div class=\"imy-5 paragraph\" style=\"color: rgb(18, 18, 18); font-family: Lexend, sans-serif; line-height: 1.8 !important; margin-top: 20px !important; margin-bottom: 20px !important;\"><h2 style=\"margin-bottom: 0px; font-weight: 700; line-height: 1.5; font-size: 22px;\">Tại sao bạn sẽ yêu thích làm việc tại đây</h2><p style=\"margin-bottom: 0px;\"><span style=\"font-weight: bolder;\">You’ll love working with us if you are:</span></p><ul style=\"padding-left: 18px;\"><li>Passionate about technology.</li><li>Independent but also a good team player.</li><li>Comfortable with a high degree of ambiguity.</li><li>Focused on usability and speed.</li><li>Keen on presenting your ideas to your peers and management.</li></ul><p style=\"margin-bottom: 0px;\">At <span style=\"font-weight: bolder;\">TYME,</span> opportunities are here for the taking. If you want to be part of our purpose and live and lead through our values, we can offer exciting development opportunities through expanded lateral roles, stretch assignments, or people leadership.</p><p style=\"margin-bottom: 0px;\"><span style=\"font-weight: bolder;\">Some of our benefits:</span></p><ul style=\"padding-left: 18px;\"><li><span style=\"font-weight: bolder;\">Meal and parking allowances</span> are covered by the company.</li><li><span style=\"font-weight: bolder;\">Full benefits and salary rank during probation</span>.</li><li><span style=\"font-weight: bolder;\">Insurances</span> such as Vietnamese labor law and <span style=\"font-weight: bolder;\">premium health care</span> for you and your family.</li><li><span style=\"font-weight: bolder;\">SMART goals and clear career opportunities</span> (technical seminar, conference, and career talk) - we focus on your development.</li><li><span style=\"font-weight: bolder;\">Values-driven, international working environment, and agile culture.</span></li><li><span style=\"font-weight: bolder;\">Overseas travel opportunities</span> for training and work-related.</li><li><span style=\"font-weight: bolder;\">Internal Hackathons and company events</span> (team building, coffee run, etc.).</li><li><span style=\"font-weight: bolder;\">Pro-Rate </span>and <span style=\"font-weight: bolder;\">performance bonus</span>.</li><li><span style=\"font-weight: bolder;\">15-day annual + 3-day sick leave</span> per year from the company.</li><li>Work-life balance <span style=\"font-weight: bolder;\">40-hr per week</span> from <span style=\"font-weight: bolder;\">Mon to Fri</span>.</li></ul></div>','2025-02-20 00:00:00','2025-02-27 00:00:00',0,0,'2025-01-15 16:18:16','2025-01-15 16:18:16',39,1),(14,'Wordpress Developer (Fully Remote Work)',6,6000000,'SENIOR','<div class=\"imy-3 paragraph\" style=\"color: rgb(18, 18, 18); font-family: Lexend, sans-serif; line-height: 1.8 !important; margin-top: 12px !important; margin-bottom: 12px !important;\"><h2 style=\"margin-bottom: 0px; font-weight: 700; line-height: 1.5; font-size: 22px;\">3 Lý do để gia nhập công ty</h2><ul style=\"padding-left: 18px;\"><li>Remote First & 100% Salary During Probation</li><li>20 Annual Leave Days & 1 Leisure Day</li><li>Top-tier Remuneration & Premium Healthcare Package</li></ul></div><div class=\"border-bottom-dashed\" style=\"border-bottom: 1px dashed rgb(222, 222, 222); color: rgb(18, 18, 18); font-family: Lexend, sans-serif;\"></div><div class=\"imy-5 paragraph\" style=\"color: rgb(18, 18, 18); font-family: Lexend, sans-serif; line-height: 1.8 !important; margin-top: 20px !important; margin-bottom: 20px !important;\"><h2 style=\"margin-bottom: 0px; font-weight: 700; line-height: 1.5; font-size: 22px;\">Mô tả công việc</h2><p style=\"margin-bottom: 0px;\">We are looking for an experienced WordPress Developer to help us build a high-performance, scalable WordPress site from the ground up. This isn’t your typical WordPress development role — we need someone who can design and develop bespoke solutions tailored to modern WordPress architecture, utilizing the full potential of the Gutenberg editor, with a focus on performance, security, and minimal reliance on external plugins.</p></div><div class=\"border-bottom-dashed\" style=\"border-bottom: 1px dashed rgb(222, 222, 222); color: rgb(18, 18, 18); font-family: Lexend, sans-serif;\"></div><div class=\"imy-5 paragraph\" style=\"color: rgb(18, 18, 18); font-family: Lexend, sans-serif; line-height: 1.8 !important; margin-top: 20px !important; margin-bottom: 20px !important;\"><h2 style=\"margin-bottom: 0px; font-weight: 700; line-height: 1.5; font-size: 22px;\">Yêu cầu công việc</h2><ul style=\"padding-left: 18px;\"><li>Have a deep understanding of modern WordPress architecture.</li><li>Can create lightweight, high-performance WordPress sites that can scale to handle large volumes of content and traffic.</li><li>Care about the user experience, accessibility, and know how to optimize for speed, security, and stability.</li><li>Have experience establishing reusable design patterns that empower non-technical teams to work independently.</li><li>Take pride in building bespoke solutions that avoid unnecessary bloat and complexity.</li><li>Familiar with modern CSS practices and know how to build responsive designs without heavy frameworks.</li><li>Understand how to integrate analytics integrations in a way that minimizes impact on site performance.</li><li>Have experience in Gutenberg editor development (will be preferred).</li></ul></div><div class=\"border-bottom-dashed\" style=\"border-bottom: 1px dashed rgb(222, 222, 222); color: rgb(18, 18, 18); font-family: Lexend, sans-serif;\"></div><div class=\"imy-5 paragraph\" style=\"color: rgb(18, 18, 18); font-family: Lexend, sans-serif; line-height: 1.8 !important; margin-top: 20px !important; margin-bottom: 20px !important;\"><h2 style=\"margin-bottom: 0px; font-weight: 700; line-height: 1.5; font-size: 22px;\">Tại sao bạn sẽ yêu thích làm việc tại đây</h2><p style=\"margin-bottom: 0px;\"><span style=\"font-weight: bolder;\">The EH Way</span></p><p style=\"margin-bottom: 0px;\">The EH Way is how we describe our culture at Employment Hero and how we all operate. It is our DNA. You can read all about it on our careers page:</p><p style=\"margin-bottom: 0px;\">In short, you’ll love working with us if:</p><ul style=\"padding-left: 18px;\"><li>Revolutionising employment gets your heart racing.</li><li>You thrive on the flexibility (and responsibility) of a remote-first business.</li><li>Our values align, and shape how you show up every day.</li><li>You love the dynamic pace of a startup, are driven by innovation, and enjoy working with other smart people.</li></ul><p style=\"margin-bottom: 0px;\">But don’t just take it from us, hear from your local heroes: Thao Ta, Head of People and Culture & Hung Pham, Group Engineer Manager: </p><p style=\"margin-bottom: 0px;\"> </p><p style=\"margin-bottom: 0px;\"><span style=\"font-weight: bolder;\">Plus, you’ll get to enjoy a number of great perks, including: </span></p><ul style=\"padding-left: 18px;\"><li>A generous budget for your home office.</li><li>Cutting-edge tools and technology.</li><li>20 days Annual Leave, plus VN Public Holidays.</li><li>$500 USD for your professional development plan.</li><li>$500 USD for English learning courses.</li><li>Premium Healthcare Insurance Program for you and your loved ones, plus full gross salary paid social insurance.</li><li>Sports club funded by Employment Hero.</li><li>Monthly get-together event in the office for team bonding and VND 80,000 budget for lunch for day-in-office.</li><li>Reward and recognition programs - because great work should be recognised and rewarded.</li><li>Employee Share Option Program: be an owner of Employment Hero.</li><li>Annual Global Gathering - so far we’ve been to Thailand, Vietnam, Bali and are excited to meet in Dubai in 2025</li></ul></div>','2025-02-20 00:00:00','2025-02-26 00:00:00',0,0,'2025-01-15 16:19:28','2025-01-15 16:19:28',40,1),(15,'Senior UI/UX Designer',2,5000000,'SENIOR','<div class=\"imy-3 paragraph\" style=\"color: rgb(18, 18, 18); font-family: Lexend, sans-serif; line-height: 1.8 !important; margin-top: 12px !important; margin-bottom: 12px !important;\"><h2 style=\"margin-bottom: 0px; font-weight: 700; line-height: 1.5; font-size: 22px;\">3 Lý do để gia nhập công ty</h2><ul style=\"padding-left: 18px;\"><li>Attractive salary package</li><li>Working with big international clients</li><li>Advanced AON health insurance</li></ul></div><div class=\"border-bottom-dashed\" style=\"border-bottom: 1px dashed rgb(222, 222, 222); color: rgb(18, 18, 18); font-family: Lexend, sans-serif;\"></div><div class=\"imy-5 paragraph\" style=\"color: rgb(18, 18, 18); font-family: Lexend, sans-serif; line-height: 1.8 !important; margin-top: 20px !important; margin-bottom: 20px !important;\"><h2 style=\"margin-bottom: 0px; font-weight: 700; line-height: 1.5; font-size: 22px;\">Mô tả công việc</h2><ul style=\"padding-left: 18px;\"><li>Lead the translation of complex concepts into intuitive user flows, customer journey maps, wireframes, mockups, and interactive prototypes that work seamlessly across a wide range of devices and interfaces;</li><li>Take a user-centered design approach and iterate rapidly based on feedback, user testing and data analytics.</li><li>Identify and solve design problems with creative and effective solutions;</li><li>Make strategic design and user experience decisions that enhance both existing and new features and functionalities;</li><li>Collaborate closely with cross-functional teams, including product managers, developers, and stakeholders, to ensure a cohesive design vision</li></ul></div><div class=\"border-bottom-dashed\" style=\"border-bottom: 1px dashed rgb(222, 222, 222); color: rgb(18, 18, 18); font-family: Lexend, sans-serif;\"></div><div class=\"imy-5 paragraph\" style=\"color: rgb(18, 18, 18); font-family: Lexend, sans-serif; line-height: 1.8 !important; margin-top: 20px !important; margin-bottom: 20px !important;\"><h2 style=\"margin-bottom: 0px; font-weight: 700; line-height: 1.5; font-size: 22px;\">Yêu cầu công việc</h2><ul style=\"padding-left: 18px;\"><li>4+ years of experience in product design, with a strong portfolio showcasing complex digital product designs and eCommerce platforms;</li><li>Expertise in design software such as Figma, Sketch, Adobe XD, and prototyping tools. Basic knowledge of HTML, CSS3, and JavaScript is a plus;</li><li>Proven ability to work with clients to gather requirements, articulate user needs, and design complete user experiences that align with client goals and visions;</li><li>Strong experience in responsive design, design system, and deep knowledge of UX best practices and accessibility standards;</li><li>Proficiency in user-centered design methodologies, design thinking, user research, usability testing, A/B testing, and rapid prototyping;</li><li>Strong communication skills, logical thinking and critical thinking to clearly articulate design processes, ideas, and solutions to both internal teams and clients;</li><li>Ability to collaborate effectively within a multidisciplinary team and translate abstract concepts into practical design solutions;</li><li>Open to feedback, with a proactive attitude toward constructive criticism and continuous learning;</li><li>Passion for UX, design innovation, and staying up-to-date with the latest industry trends and technologies.</li></ul></div><div class=\"border-bottom-dashed\" style=\"border-bottom: 1px dashed rgb(222, 222, 222); color: rgb(18, 18, 18); font-family: Lexend, sans-serif;\"></div><div class=\"imy-5 paragraph\" style=\"color: rgb(18, 18, 18); font-family: Lexend, sans-serif; line-height: 1.8 !important; margin-top: 20px !important; margin-bottom: 20px !important;\"><h2 style=\"margin-bottom: 0px; font-weight: 700; line-height: 1.5; font-size: 22px;\">Tại sao bạn sẽ yêu thích làm việc tại đây</h2><ul style=\"padding-left: 18px;\"><li>Attractive salary with bi-yearly review, 13th-month bonus, performance bonus, public holiday bonuses, birthday gift, employee service awards up to $1,000 </li><li>Opportunities to join global technical conferences </li><li>A clear career path with proper training courses, workshops, fully sponsored certificate exams </li><li>Advanced AON health insurance (during labor contract) and accident insurance (during probation) in addition to the regulated insurances  </li><li>Professional, flexible & dynamic working environment that is diversified with different nationalities, open-minded, creative, supportive, friendly, and encouraging </li><li>Regular communication from Management on the company’s strategy, development plan, and new opportunities to employees </li><li>Bright working space with modern facilities including the newest software </li><li>Employees and families are engaged and taken care of by the company via Trade Union activities </li><li>Summer vacation at 5-star resort </li><li>Sports & cultural activities all year around to strengthen both your physical & mental health </li><li>NICEF - our own Charity program where our employees raise funds and help people with difficulties in Vietnam </li></ul></div>','2025-02-20 00:00:00','2025-03-26 00:00:00',1,0,'2025-01-15 16:20:37','2025-01-15 16:20:37',43,1),(16,'abc',12,1000003,'JUNIOR','<p>abc</p>','2025-02-04 00:00:00','2025-02-12 00:00:00',0,1,'2025-02-04 05:34:11','2025-02-04 05:34:11',35,2);
/*!40000 ALTER TABLE `post_jobs` ENABLE KEYS */;
UNLOCK TABLES;

--
-- Table structure for table `refresh_tokens`
--

DROP TABLE IF EXISTS `refresh_tokens`;
/*!40101 SET @saved_cs_client     = @@character_set_client */;
/*!50503 SET character_set_client = utf8mb4 */;
CREATE TABLE `refresh_tokens` (
  `id` int NOT NULL AUTO_INCREMENT,
  `token` text NOT NULL,
  `user_id` int NOT NULL,
  `created_at` timestamp NULL DEFAULT CURRENT_TIMESTAMP,
  PRIMARY KEY (`id`),
  KEY `fk_refresh_token_user_idx` (`user_id`),
  CONSTRAINT `fk_refresh_token_user` FOREIGN KEY (`user_id`) REFERENCES `users` (`id`)
) ENGINE=InnoDB AUTO_INCREMENT=39 DEFAULT CHARSET=utf8mb4 COLLATE=utf8mb4_0900_ai_ci;
/*!40101 SET character_set_client = @saved_cs_client */;

--
-- Dumping data for table `refresh_tokens`
--

LOCK TABLES `refresh_tokens` WRITE;
/*!40000 ALTER TABLE `refresh_tokens` DISABLE KEYS */;
INSERT INTO `refresh_tokens` VALUES (6,'eyJ0eXAiOiJKV1QiLCJhbGciOiJIUzI1NiJ9.eyJ1c2VyX2lkIjoxMCwiZW1haWwiOiJ2aHVuZzU5MTJAZ21haWwuY29tIiwidHlwZSI6InJlZnJlc2giLCJpYXQiOjE3Mzg5NzgzMTYsImV4cCI6MTc0MTU3MDMxNn0.Gubztz3m4LPXmqSFCNUe7l9j0SmoYCCl85D59xHT8EI',10,'2025-02-08 01:31:56'),(7,'eyJ0eXAiOiJKV1QiLCJhbGciOiJIUzI1NiJ9.eyJ1c2VyX2lkIjoxMCwiZW1haWwiOiJ2aHVuZzU5MTJAZ21haWwuY29tIiwidHlwZSI6InJlZnJlc2giLCJpYXQiOjE3MzkxOTIxMTYsImV4cCI6MTc0MTc4NDExNn0.Z2ao2HcB_0eKHTWPCBPxge3ADUntL47uO0Wfz2kZ8b8',10,'2025-02-10 12:55:16'),(38,'eyJ0eXAiOiJKV1QiLCJhbGciOiJIUzI1NiJ9.eyJ1c2VyX2lkIjoxMCwiZW1haWwiOiJ2aHVuZzU5MTJAZ21haWwuY29tIiwidHlwZSI6InJlZnJlc2giLCJpYXQiOjE3NDAxODg5NTgsImV4cCI6MTc0Mjc4MDk1OH0.pYf2pQU2NWVDdTaQEq855FXRWs6zo9rebOTkgjHVkyc',10,'2025-02-22 01:49:18');
/*!40000 ALTER TABLE `refresh_tokens` ENABLE KEYS */;
UNLOCK TABLES;

--
-- Table structure for table `resumes`
--

DROP TABLE IF EXISTS `resumes`;
/*!40101 SET @saved_cs_client     = @@character_set_client */;
/*!50503 SET character_set_client = utf8mb4 */;
CREATE TABLE `resumes` (
  `id` int NOT NULL AUTO_INCREMENT,
  `url` text NOT NULL,
  `status` enum('Đang chờ','Đã xem','Được mời phỏng vấn','Từ chối') DEFAULT 'Đang chờ',
  `user_id` int NOT NULL,
  `job_id` int NOT NULL,
  `deleted` tinyint DEFAULT '0',
  `createdAt` timestamp NULL DEFAULT CURRENT_TIMESTAMP,
  `updatedAt` timestamp NULL DEFAULT CURRENT_TIMESTAMP,
  PRIMARY KEY (`id`),
  KEY `fk_resume_user_idx` (`user_id`),
  KEY `fk_resumes_jobs_idx` (`job_id`),
  CONSTRAINT `fk_resume_user` FOREIGN KEY (`user_id`) REFERENCES `users` (`id`) ON DELETE CASCADE ON UPDATE CASCADE,
  CONSTRAINT `fk_resumes_jobs` FOREIGN KEY (`job_id`) REFERENCES `post_jobs` (`id`) ON DELETE CASCADE ON UPDATE CASCADE
) ENGINE=InnoDB AUTO_INCREMENT=23 DEFAULT CHARSET=utf8mb4 COLLATE=utf8mb4_0900_ai_ci;
/*!40101 SET character_set_client = @saved_cs_client */;

--
-- Dumping data for table `resumes`
--

LOCK TABLES `resumes` WRITE;
/*!40000 ALTER TABLE `resumes` DISABLE KEYS */;
INSERT INTO `resumes` VALUES (18,'CV Vũ Tuấn Hùng - Cv-TopCV.vn_8610.pdf','Đang chờ',10,8,0,'2025-02-19 16:26:29','2025-02-19 16:26:29'),(19,'CV Vũ Tuấn Hùng - Cv-TopCV.vn_8330.pdf','Đang chờ',10,9,0,'2025-02-19 16:31:28','2025-02-19 16:31:28'),(20,'Vu-Tuan-Hung-CoverLetter-TopCV.vn-040225.171108_9711.pdf','Đang chờ',10,10,0,'2025-02-19 16:31:42','2025-02-19 16:31:42'),(21,'CV Vũ Tuấn Hùng - Cv-TopCV.vn_2015.pdf','Đang chờ',10,11,0,'2025-02-19 16:31:48','2025-02-19 16:31:48'),(22,'CV Vũ Tuấn Hùng - Cv-TopCV.vn_9743.pdf','Đang chờ',10,12,0,'2025-02-19 16:31:59','2025-02-19 16:31:59');
/*!40000 ALTER TABLE `resumes` ENABLE KEYS */;
UNLOCK TABLES;

--
-- Table structure for table `role_permissions`
--

DROP TABLE IF EXISTS `role_permissions`;
/*!40101 SET @saved_cs_client     = @@character_set_client */;
/*!50503 SET character_set_client = utf8mb4 */;
CREATE TABLE `role_permissions` (
  `id` int NOT NULL AUTO_INCREMENT,
  `role_id` int DEFAULT NULL,
  `permission_id` int DEFAULT NULL,
  PRIMARY KEY (`id`),
  UNIQUE KEY `role_id` (`role_id`,`permission_id`),
  KEY `role_permissions_ibfk_2_idx` (`permission_id`),
  CONSTRAINT `role_permissions_ibfk_1` FOREIGN KEY (`role_id`) REFERENCES `roles` (`id`) ON DELETE CASCADE ON UPDATE CASCADE,
  CONSTRAINT `role_permissions_ibfk_2` FOREIGN KEY (`permission_id`) REFERENCES `permissions` (`id`)
) ENGINE=InnoDB AUTO_INCREMENT=190 DEFAULT CHARSET=utf8mb4 COLLATE=utf8mb4_0900_ai_ci;
/*!40101 SET character_set_client = @saved_cs_client */;

--
-- Dumping data for table `role_permissions`
--

LOCK TABLES `role_permissions` WRITE;
/*!40000 ALTER TABLE `role_permissions` DISABLE KEYS */;
INSERT INTO `role_permissions` VALUES (135,2,1),(136,2,4),(137,2,5),(138,2,6),(139,2,7),(140,2,8),(141,2,9),(142,2,10),(143,2,11),(144,2,12),(145,2,13),(146,2,14),(147,2,15),(148,2,16),(149,2,17),(150,2,18),(151,2,19),(152,2,20),(153,2,21),(154,2,22),(155,2,23),(156,2,24),(157,2,25),(158,2,26),(159,2,27),(160,2,28),(161,2,29),(162,2,30),(163,2,31),(165,2,32),(164,2,33),(182,3,1),(183,3,5),(184,3,15),(185,3,16),(186,3,17),(187,3,18),(188,3,32),(189,3,33);
/*!40000 ALTER TABLE `role_permissions` ENABLE KEYS */;
UNLOCK TABLES;

--
-- Table structure for table `roles`
--

DROP TABLE IF EXISTS `roles`;
/*!40101 SET @saved_cs_client     = @@character_set_client */;
/*!50503 SET character_set_client = utf8mb4 */;
CREATE TABLE `roles` (
  `id` int NOT NULL AUTO_INCREMENT,
  `name` varchar(40) NOT NULL,
  `description` varchar(100) NOT NULL,
  `deleted` tinyint DEFAULT '0',
  `createdAt` timestamp NULL DEFAULT CURRENT_TIMESTAMP,
  `updateAt` timestamp NULL DEFAULT CURRENT_TIMESTAMP,
  PRIMARY KEY (`id`),
  UNIQUE KEY `name_UNIQUE` (`name`)
) ENGINE=InnoDB AUTO_INCREMENT=5 DEFAULT CHARSET=utf8mb4 COLLATE=utf8mb4_0900_ai_ci;
/*!40101 SET character_set_client = @saved_cs_client */;

--
-- Dumping data for table `roles`
--

LOCK TABLES `roles` WRITE;
/*!40000 ALTER TABLE `roles` DISABLE KEYS */;
INSERT INTO `roles` VALUES (2,'Admin','Admin làm được hết',0,NULL,NULL),(3,'HR','Chỉ xem được công ty mình và hồ sơ của mình',0,'2025-01-15 09:10:29','2025-01-15 09:10:29'),(4,'nomal_user','User mới được tạo ',0,'2025-01-15 09:27:21','2025-01-15 09:27:21');
/*!40000 ALTER TABLE `roles` ENABLE KEYS */;
UNLOCK TABLES;

--
-- Table structure for table `skills`
--

DROP TABLE IF EXISTS `skills`;
/*!40101 SET @saved_cs_client     = @@character_set_client */;
/*!50503 SET character_set_client = utf8mb4 */;
CREATE TABLE `skills` (
  `id` int NOT NULL AUTO_INCREMENT,
  `name` varchar(45) NOT NULL,
  `deleted` tinyint DEFAULT '0',
  `createdAt` timestamp NULL DEFAULT CURRENT_TIMESTAMP,
  `updatedAt` timestamp NULL DEFAULT CURRENT_TIMESTAMP,
  PRIMARY KEY (`id`)
) ENGINE=InnoDB AUTO_INCREMENT=33 DEFAULT CHARSET=utf8mb4 COLLATE=utf8mb4_0900_ai_ci;
/*!40101 SET character_set_client = @saved_cs_client */;

--
-- Dumping data for table `skills`
--

LOCK TABLES `skills` WRITE;
/*!40000 ALTER TABLE `skills` DISABLE KEYS */;
INSERT INTO `skills` VALUES (1,'JavaScript',1,'2025-01-10 14:09:45','2025-01-10 14:09:45'),(2,'HTML',0,'2025-01-10 14:09:45','2025-01-10 14:09:45'),(3,'CSS',0,'2025-01-10 14:09:45','2025-01-10 14:09:45'),(4,'PHP',0,'2025-01-10 14:09:45','2025-01-10 14:09:45'),(5,'Python',0,'2025-01-10 14:09:45','2025-01-10 14:09:45'),(6,'Java',0,'2025-01-10 14:09:45','2025-01-10 14:09:45'),(7,'C++',0,'2025-01-10 14:09:45','2025-01-10 14:09:45'),(8,'SQL',0,'2025-01-10 14:09:45','2025-01-10 14:09:45'),(9,'Node.js',0,'2025-01-10 14:09:45','2025-01-10 14:09:45'),(10,'React',0,'2025-01-10 14:09:45','2025-01-10 14:09:45'),(11,'Vue.js',0,'2025-01-10 14:09:45','2025-01-10 14:09:45'),(12,'Angular',0,'2025-01-10 14:09:45','2025-01-10 14:09:45'),(13,'Laravel',0,'2025-01-10 14:09:45','2025-01-10 14:09:45'),(14,'Django',0,'2025-01-10 14:09:45','2025-01-10 14:09:45'),(15,'Flask',0,'2025-01-10 14:09:45','2025-01-10 14:09:45'),(16,'Git',0,'2025-01-10 14:09:45','2025-01-10 14:09:45'),(17,'Docker',0,'2025-01-10 14:09:45','2025-01-10 14:09:45'),(18,'Kubernetes',0,'2025-01-10 14:09:45','2025-01-10 14:09:45'),(19,'AWS',0,'2025-01-10 14:09:45','2025-01-10 14:09:45'),(20,'Azure',0,'2025-01-10 14:09:45','2025-01-10 14:09:45'),(21,'Linux',0,'2025-01-10 14:09:45','2025-01-10 14:09:45'),(22,'Windows Server',0,'2025-01-10 14:09:45','2025-01-10 14:09:45'),(23,'Bash',0,'2025-01-10 14:09:45','2025-01-10 14:09:45'),(24,'Shell Scripting',0,'2025-01-10 14:09:45','2025-01-10 14:09:45'),(25,'TypeScript',0,'2025-01-10 14:09:45','2025-01-10 14:09:45'),(26,'Spring Boot',0,'2025-01-10 14:09:45','2025-01-10 14:09:45'),(27,'Hibernate',0,'2025-01-10 14:09:45','2025-01-10 14:09:45'),(28,'PostgreSQL',0,'2025-01-10 14:09:45','2025-01-10 14:09:45'),(29,'MongoDB',0,'2025-01-10 14:09:45','2025-01-10 14:09:45'),(30,'Redis',0,'2025-01-10 14:09:45','2025-01-10 14:09:45'),(31,'JavaScript ',0,'2025-01-10 14:39:07','2025-01-10 14:39:07');
/*!40000 ALTER TABLE `skills` ENABLE KEYS */;
UNLOCK TABLES;

--
-- Table structure for table `users`
--

DROP TABLE IF EXISTS `users`;
/*!40101 SET @saved_cs_client     = @@character_set_client */;
/*!50503 SET character_set_client = utf8mb4 */;
CREATE TABLE `users` (
  `id` int NOT NULL AUTO_INCREMENT,
  `name` varchar(30) NOT NULL,
  `email` varchar(30) NOT NULL,
  `password` varchar(60) NOT NULL,
  `deleted` tinyint DEFAULT '0',
  `createdAt` timestamp NULL DEFAULT CURRENT_TIMESTAMP,
  `updatedAt` timestamp NULL DEFAULT CURRENT_TIMESTAMP,
  `role_id` int NOT NULL DEFAULT '4',
  `company_id` int DEFAULT NULL,
  PRIMARY KEY (`id`),
  KEY `fk_users_roles_idx` (`role_id`),
  KEY `fk_users_company_idx` (`company_id`),
  CONSTRAINT `fk_users_company` FOREIGN KEY (`company_id`) REFERENCES `companies` (`id`),
  CONSTRAINT `fk_users_roles` FOREIGN KEY (`role_id`) REFERENCES `roles` (`id`) ON DELETE CASCADE ON UPDATE CASCADE
) ENGINE=InnoDB AUTO_INCREMENT=12 DEFAULT CHARSET=utf8mb4 COLLATE=utf8mb4_0900_ai_ci;
/*!40101 SET character_set_client = @saved_cs_client */;

--
-- Dumping data for table `users`
--

LOCK TABLES `users` WRITE;
/*!40000 ALTER TABLE `users` DISABLE KEYS */;
INSERT INTO `users` VALUES (10,'Vũ Tuấn Hùng','vhung5912@gmail.com','$2y$12$c9ITu737fr8AFWPp4SXfpOgZ7aYcTpB8CVWe2vdG0iJZhnyJNequG',0,'2025-02-07 10:18:22','2025-02-07 10:18:22',2,NULL),(11,'Vũ Tuấn Hùng','vuh14102004@gmail.com','$2y$12$XBotaz.g7rWj9F.7s0VDM.4GcGXNICJGYmVJApwFBXjVNN0lbanXi',0,'2025-02-11 01:07:46','2025-02-11 01:07:46',3,35);
/*!40000 ALTER TABLE `users` ENABLE KEYS */;
UNLOCK TABLES;
/*!40103 SET TIME_ZONE=@OLD_TIME_ZONE */;

/*!40101 SET SQL_MODE=@OLD_SQL_MODE */;
/*!40014 SET FOREIGN_KEY_CHECKS=@OLD_FOREIGN_KEY_CHECKS */;
/*!40014 SET UNIQUE_CHECKS=@OLD_UNIQUE_CHECKS */;
/*!40101 SET CHARACTER_SET_CLIENT=@OLD_CHARACTER_SET_CLIENT */;
/*!40101 SET CHARACTER_SET_RESULTS=@OLD_CHARACTER_SET_RESULTS */;
/*!40101 SET COLLATION_CONNECTION=@OLD_COLLATION_CONNECTION */;
/*!40111 SET SQL_NOTES=@OLD_SQL_NOTES */;

-- Dump completed on 2025-03-07 15:18:31
